playerId,fullName,menuName,nationality,birthDate,height,weight,hand,position,number,teamId
8478421,A.J. Greer,A.J. Greer,CAN,1996-12-14,75,209,L,LW,10,13
8477932,Aaron Ekblad,Aaron Ekblad,CAN,1996-02-07,76,220,R,DF,5,13
8482691,Aatu Raty,Aatu Raty,FIN,2002-11-14,74,204,L,CR,54,23
8480871,Adam Boqvist,Adam Boqvist,SWE,2000-08-15,72,195,R,DF,34,2
8481726,Adam Edstrom,Adam Edstrom,SWE,2000-10-12,79,232,L,CR,84,3
8483686,Adam Engstrom,Adam Engstrom,SWE,2003-11-17,74,193,L,DF,42,8
8477454,Adam Erne,Adam Erne,USA,1995-04-20,73,209,L,LW,73,25
8484166,Adam Fantilli,Adam Fantilli,CAN,2004-10-12,74,205,L,CR,19,29
8479323,Adam Fox,Adam Fox,USA,1998-02-17,71,185,R,DF,23,3
8478874,Adam Gaudette,Adam Gaudette,USA,1996-10-03,73,190,R,CR,81,28
8480874,Adam Ginning,Adam Ginning,SWE,2000-01-13,75,196,L,DF,13,4
8474641,Adam Henrique,Adam Henrique,CAN,1990-02-06,72,195,L,CR,19,22
8483609,Adam Klapka,Adam Klapka,CZE,2000-09-14,80,235,R,RW,43,20
8476457,Adam Larsson,Adam Larsson,SWE,1992-11-12,75,207,R,DF,6,55
8476392,Adam Lowry,Adam Lowry,USA,1993-03-29,77,210,L,LW,17,52
8476917,Adam Pelech,Adam Pelech,CAN,1994-08-16,75,212,L,DF,3,2
8482482,Adam Wilsby,Adam Wilsby,SWE,2000-08-07,73,188,L,DF,83,18
8478499,Adin Hill,Adin Hill,CAN,1996-05-11,76,222,L,GT,33,54
8477960,Adrian Kempe,Adrian Kempe,SWE,1996-09-13,74,205,L,LW,9,26
8480851,Akil Thomas,Akil Thomas,CAN,2000-01-02,72,195,R,CR,NA,19
8481033,Akira Schmid,Akira Schmid,CHE,2000-05-12,77,190,L,GT,40,54
8481607,Albert Johansson,Albert Johansson,SWE,2001-01-04,72,195,L,DF,20,17
8474166,Alec Martinez,Alec Martinez,USA,1987-07-26,73,210,L,DF,25,16
8480831,Alec Regula,Alec Regula,USA,2000-08-06,76,211,R,DF,75,22
8477493,Aleksander Barkov,Aleksander Barkov,FIN,1995-09-02,75,214,L,CR,16,13
8483463,Aleksanteri Kaskimaki,Aleksanteri Kaskimaki,FIN,2004-02-06,72,195,L,CR,65,19
8482783,Aleksei Kolosov,Aleksei Kolosov,BLR,2002-01-04,73,185,L,GT,35,4
8478848,Ales Stezka,Ales Stezka,CZE,1997-01-06,76,190,L,GT,30,55
8479718,Alex Barré-Boulet,Alex Barré-Boulet,CAN,1997-05-21,70,178,L,CR,NA,21
8479337,Alex DeBrincat,Alex DeBrincat,USA,1997-12-18,68,180,R,RW,93,17
8480113,Alex Iafallo,Alex Iafallo,USA,1993-12-21,72,201,L,LW,9,52
8473986,Alex Killorn,Alex Killorn,CAN,1989-09-14,73,205,L,CR,17,24
8482155,Alex Laferriere,Alex Laferriere,USA,2001-10-28,73,205,R,RW,14,26
8479312,Alex Lyon,Alex Lyon,USA,1992-12-09,73,199,L,GT,34,7
8477968,Alex Nedeljkovic,Alex Nedeljkovic,USA,1996-01-07,72,205,L,GT,33,28
8481618,Alex Newhook,Alex Newhook,CAN,2001-01-28,71,200,L,CR,15,8
8471214,Alex Ovechkin,Alex Ovechkin,RUS,1985-09-17,75,238,R,LW,8,15
8474565,Alex Pietrangelo,Alex Pietrangelo,CAN,1990-01-18,75,215,R,DF,7,54
8482634,Alex Steeves,Alex Steeves,USA,1999-12-10,72,199,L,CR,21,6
8477949,Alex Tuch,Alex Tuch,USA,1996-05-10,76,219,R,RW,89,7
8481532,Alex Turcotte,Alex Turcotte,USA,2001-02-26,71,195,L,CR,15,26
8481568,Alex Vlasic,Alex Vlasic,USA,2001-06-05,78,217,L,DF,72,16
8480382,Alexandar Georgiev,Alexandar Georgiev,RUS,1996-02-10,73,178,L,GT,40,7
8480823,Alexander Alexeyev,Alexander Alexeyev,RUS,1999-11-15,76,230,L,DF,56,5
8482125,Alexander Holtz,Alexander Holtz,SWE,2002-01-23,72,198,R,RW,26,54
8477021,Alexander Kerfoot,Alexander Kerfoot,CAN,1994-08-11,71,185,L,CR,15,68
8482100,Alexander Nikishin,Alexander Nikishin,RUS,2001-10-02,75,218,L,DF,21,12
8479423,Alexander Nylander,Alexander Nylander,SWE,1998-03-02,73,205,R,LW,92,10
8475755,Alexander Petrovic,Alexander Petrovic,CAN,1992-03-03,77,215,R,DF,28,25
8481014,Alexander Romanov,Alexander Romanov,RUS,2000-01-06,73,220,L,DF,28,2
8477505,Alexander Wennberg,Alexander Wennberg,SWE,1994-09-22,74,190,L,CR,21,28
8478851,Alexandre Carrier,Alexandre Carrier,CAN,1996-10-08,71,174,R,DF,45,8
8480074,Alexandre Texier,Alexandre Texier,FRA,1999-09-13,73,196,L,CR,85,8
8480281,Alexey Toropchenko,Alexey Toropchenko,RUS,1999-06-25,78,225,L,RW,13,19
8482109,Alexis Lafrenière,Alexis Lafrenière,CAN,2001-10-11,74,191,L,LW,13,3
8481656,Aliaksei Protas,Aliaksei Protas,BLR,2001-01-06,78,250,L,CR,21,15
8475314,Anders Lee,Anders Lee,USA,1990-07-03,75,234,L,CR,27,2
8477444,Andre Burakovsky,Andre Burakovsky,SWE,1995-02-09,75,203,L,LW,28,16
8481732,Andre Lee,Andre Lee,SWE,2000-07-26,77,206,L,LW,47,26
8476960,Andreas Athanasiou,Andreas Athanasiou,CAN,1994-08-06,74,190,L,CR,89,16
8477971,Andreas Englund,Andreas Englund,SWE,1996-01-21,76,200,L,DF,8,18
8483808,Andrei Kuzmenko,Andrei Kuzmenko,RUS,1996-02-04,71,200,R,LW,96,26
8480830,Andrei Svechnikov,Andrei Svechnikov,RUS,2000-03-26,75,200,L,RW,37,12
8476883,Andrei Vasilevskiy,Andrei Vasilevskiy,RUS,1994-07-25,76,223,L,GT,88,14
8475461,Andrew Agozzino,Andrew Agozzino,CAN,1991-01-03,70,187,L,LW,36,68
8477429,Andrew Copp,Andrew Copp,USA,1994-07-08,73,200,L,CR,18,17
8478233,Andrew Mangiapane,Andrew Mangiapane,CAN,1996-04-04,70,183,L,LW,88,22
8479369,Andrew Peeke,Andrew Peeke,USA,1998-03-17,75,214,R,DF,26,6
8479249,Andrew Poturalski,Andrew Poturalski,USA,1994-01-14,70,187,R,CR,22,28
8481065,Angus Crookshank,Angus Crookshank,CAN,1999-10-02,70,183,L,LW,36,1
8478463,Anthony Beauvillier,Anthony Beauvillier,CAN,1997-06-08,71,181,L,LW,72,15
8478519,Anthony Cirelli,Anthony Cirelli,CAN,1997-07-15,73,193,L,CR,71,14
8477407,Anthony Duclair,Anthony Duclair,CAN,1995-08-26,72,198,L,LW,11,2
8477511,Anthony Mantha,Anthony Mantha,CAN,1994-09-16,77,240,L,RW,39,5
8478409,Anthony Richard,Anthony Richard,CAN,1996-12-20,70,185,L,CR,90,4
8476932,Anthony Stolarz,Anthony Stolarz,USA,1994-01-20,78,248,L,GT,41,10
8476341,Anton Forsberg,Anton Forsberg,SWE,1992-11-27,75,200,L,GT,31,26
8482113,Anton Lundell,Anton Lundell,FIN,2001-10-03,73,196,L,CR,15,13
8471685,Anze Kopitar,Anze Kopitar,SVN,1987-08-24,75,225,L,CR,11,26
8482964,Arber Xhekaj,Arber Xhekaj,CAN,2001-01-30,76,240,L,DF,72,8
8481721,Arseny Gritsyuk,Arseny Gritsyuk,RUS,2001-03-15,72,195,L,RW,81,1
8483395,Arshdeep Bains,Arshdeep Bains,CAN,2001-01-09,72,184,L,LW,13,23
8482245,Artem Zub,Artem Zub,RUS,1995-10-03,75,201,R,DF,2,9
8478550,Artemi Panarin,Artemi Panarin,RUS,1991-10-30,72,176,R,CR,10,3
8481560,Arthur Kaliyev,Arthur Kaliyev,USA,2001-06-26,74,212,L,RW,34,9
8484938,Arttu Hyry,Arttu Hyry,FIN,2001-04-06,75,211,R,RW,25,25
8477476,Artturi Lehkonen,Artturi Lehkonen,FIN,1995-07-04,71,179,L,LW,62,21
8482515,Artur Akhtyamov,Artur Akhtyamov,RUS,2001-10-31,74,176,L,GT,70,10
8481668,Arturs Silovs,Arturs Silovs,LVA,2001-03-22,76,208,L,GT,37,5
8484783,Artyom Levshunov,Artyom Levshunov,BLR,2005-10-28,74,208,R,DF,55,16
8482821,Arvid Soderblom,Arvid Soderblom,SWE,1999-08-19,75,180,L,GT,40,16
8475766,Austin Watson,Austin Watson,USA,1992-01-13,76,203,R,LW,24,17
8479318,Auston Matthews,Auston Matthews,USA,1997-09-17,75,215,L,CR,34,10
8484223,Axel Sandin-Pellikka,Axel Sandin-Pellikka,SWE,2005-03-11,72,186,R,DF,44,17
8484234,Aydar Suniev,Aydar Suniev,RUS,2004-11-16,74,198,L,LW,36,20
8476624,Barclay Goodrow,Barclay Goodrow,CAN,1993-02-26,74,210,L,CR,23,28
8480849,Barrett Hayton,Barrett Hayton,CAN,2000-06-09,73,200,L,CR,27,68
8479359,Beck Malenstyn,Beck Malenstyn,CAN,1998-02-04,75,209,L,LW,29,7
8484762,Beckett Sennecke,Beckett Sennecke,CAN,2006-01-28,75,206,R,RW,45,24
8475279,Ben Chiarot,Ben Chiarot,CAN,1991-05-09,75,222,L,DF,8,17
8477018,Ben Hutton,Ben Hutton,CAN,1993-04-20,75,209,L,DF,17,54
8480259,Ben Jones,Ben Jones,CAN,1999-02-26,72,187,L,CR,39,30
8485414,Ben Kindel,Ben Kindel,CAN,2007-04-19,71,182,R,CR,81,5
8483570,Ben Meyers,Ben Meyers,USA,1998-11-15,71,194,L,CR,59,55
8484800,Berkly Catton,Berkly Catton,CAN,2006-01-14,70,179,L,CR,77,55
8476399,Blake Coleman,Blake Coleman,USA,1991-11-28,71,199,L,CR,20,20
8481481,Blake Lizotte,Blake Lizotte,USA,1997-12-13,69,176,L,CR,46,5
8477500,Bo Horvat,Bo Horvat,CAN,1995-04-05,73,225,L,CR,14,2
8481553,Bobby Brink,Bobby Brink,USA,2001-07-08,68,169,R,RW,10,4
8482259,Bobby McMann,Bobby McMann,CAN,1996-06-15,74,217,L,CR,74,10
8482167,Bogdan Trineyev,Bogdan Trineyev,RUS,2002-03-04,75,198,R,RW,87,15
8478147,Bokondji Imama,Bokondji Imama,CAN,1996-08-03,73,223,L,LW,14,5
8476432,Boone Jenner,Boone Jenner,CAN,1993-06-15,74,204,L,CR,38,29
8479383,Boris Katchouk,Boris Katchouk,CAN,1998-06-18,74,212,L,LW,61,14
8481524,Bowen Byram,Bowen Byram,CAN,2001-06-13,73,205,L,DF,4,7
8483471,Brad Lambert,Brad Lambert,FIN,2003-12-19,73,173,R,CR,93,52
8473419,Brad Marchand,Brad Marchand,CAN,1988-05-11,69,180,L,CR,63,13
8482073,Braden Schneider,Braden Schneider,CAN,2001-09-20,75,206,R,DF,4,3
8484203,Bradly Nadeau,Bradly Nadeau,CAN,2005-05-05,71,180,R,LW,29,12
8485405,Brady Martin,Brady Martin,CAN,2007-03-16,72,185,R,CR,44,18
8476869,Brady Skjei,Brady Skjei,USA,1994-03-26,75,210,L,DF,76,18
8480801,Brady Tkachuk,Brady Tkachuk,USA,1999-09-16,76,226,L,LW,7,9
8483890,Braeden Bowman,Braeden Bowman,CAN,2003-06-26,73,205,R,RW,42,54
8485385,Braeden Cootes,Braeden Cootes,CAN,2007-02-09,71,183,R,CR,80,23
8483548,Brandon Bussi,Brandon Bussi,USA,1998-06-25,76,218,R,GT,32,12
8478443,Brandon Carlo,Brandon Carlo,USA,1996-11-26,77,227,R,DF,25,10
8479520,Brandon Duhaime,Brandon Duhaime,USA,1997-05-22,74,210,L,RW,22,15
8479542,Brandon Hagel,Brandon Hagel,CAN,1998-08-27,74,186,L,LW,38,14
8477990,Brandon Halverson,Brandon Halverson,USA,1996-03-29,77,235,L,GT,33,14
8477986,Brandon Montour,Brandon Montour,CAN,1994-04-11,72,199,R,DF,62,55
8476438,Brandon Saad,Brandon Saad,USA,1992-10-27,73,207,L,LW,20,54
8479293,Brandon Tanev,Brandon Tanev,CAN,1991-12-31,72,189,L,LW,13,68
8482730,Brandt Clarke,Brandt Clarke,CAN,2003-02-09,74,200,R,DF,92,26
8475188,Brayden McNabb,Brayden McNabb,CAN,1991-01-21,76,215,L,DF,3,54
8481167,Brayden Pachal,Brayden Pachal,CAN,1999-08-23,74,202,R,DF,94,20
8478010,Brayden Point,Brayden Point,CAN,1996-03-13,71,177,R,CR,21,14
8475170,Brayden Schenn,Brayden Schenn,CAN,1991-08-22,73,200,L,CR,10,19
8482153,Brendan Brisson,Brendan Brisson,USA,2001-10-22,72,188,L,CR,91,3
8475848,Brendan Gallagher,Brendan Gallagher,CAN,1992-05-06,69,185,R,RW,11,8
8476867,Brendan Gaunce,Brendan Gaunce,CAN,1994-03-25,74,222,L,CR,16,29
8474090,Brendan Smith,Brendan Smith,CAN,1989-02-08,74,200,L,DF,7,29
8475455,Brenden Dillon,Brenden Dillon,CAN,1990-11-13,76,225,L,DF,5,1
8482747,Brennan Othmann,Brennan Othmann,CAN,2003-01-05,72,192,L,LW,78,3
8470613,Brent Burns,Brent Burns,CAN,1985-03-09,77,228,R,DF,84,21
8482132,Brett Berard,Brett Berard,USA,2002-09-09,69,175,L,LW,65,3
8479353,Brett Howden,Brett Howden,CAN,1998-03-29,74,201,L,CR,21,54
8476967,Brett Kulak,Brett Kulak,CAN,1994-01-06,73,192,L,DF,77,5
8481517,Brett Leason,Brett Leason,CAN,1999-04-30,77,220,R,RW,20,15
8479419,Brett Murray,Brett Murray,CAN,1998-07-20,77,228,L,LW,57,7
8477488,Brett Pesce,Brett Pesce,USA,1994-11-15,75,206,R,DF,22,1
8475208,Brian Dumoulin,Brian Dumoulin,USA,1991-09-06,76,215,L,DF,2,26
8483531,Brian Halonen,Brian Halonen,USA,1999-01-11,72,207,R,LW,48,1
8478444,Brock Boeser,Brock Boeser,USA,1997-02-25,73,208,R,RW,6,23
8482122,Brock Faber,Brock Faber,USA,2002-08-22,73,200,R,DF,7,30
8476934,Brock McGinn,Brock McGinn,CAN,1994-02-02,72,191,L,LW,26,24
8475754,Brock Nelson,Brock Nelson,USA,1991-10-15,76,205,L,CR,11,21
8475810,Bryan Rust,Bryan Rust,USA,1992-05-11,71,202,R,RW,17,5
8479985,Cale Fleury,Cale Fleury,CAN,1998-11-19,73,204,R,DF,8,55
8480069,Cale Makar,Cale Makar,CAN,1998-10-30,72,187,R,DF,8,21
8478452,Caleb Jones,Caleb Jones,USA,1997-06-06,73,184,L,DF,82,5
8482250,Callahan Burke,Callahan Burke,USA,1997-03-19,70,183,R,CR,68,54
8475714,Calle Jarnkrok,Calle Jarnkrok,SWE,1991-09-25,72,193,R,CR,19,10
8484221,Calum Ritchie,Calum Ritchie,CAN,2005-01-21,74,200,R,CR,64,2
8475717,Calvin Pickard,Calvin Pickard,CAN,1992-04-15,73,206,L,GT,30,22
8475177,Calvin de Haan,Calvin de Haan,CAN,1991-05-09,73,192,L,DF,44,3
8474715,Cam Atkinson,Cam Atkinson,USA,1989-06-05,68,178,R,RW,13,14
8479341,Cam Dineen,Cam Dineen,USA,1998-06-19,71,188,L,DF,55,22
8475764,Cam Fowler,Cam Fowler,USA,1991-12-05,74,213,L,DF,17,19
8483481,Cam Lund,Cam Lund,USA,2004-06-07,74,195,R,CR,46,28
8475660,Cam Talbot,Cam Talbot,CAN,1987-07-05,75,202,L,GT,39,17
8481546,Cam York,Cam York,USA,2001-01-05,72,194,L,DF,8,4
8480075,Cameron Crotty,Cameron Crotty,CAN,1999-05-05,75,213,R,DF,5,9
8479336,Carl Grundstrom,Carl Grundstrom,SWE,1997-12-01,72,200,L,RW,91,4
8482761,Carl Lindbom,Carl Lindbom,SWE,2003-05-20,73,186,L,GT,30,54
8482781,Carson Lambos,Carson Lambos,CAN,2003-01-14,73,197,L,DF,71,30
8477369,Carson Soucy,Carson Soucy,CAN,1994-07-27,76,211,L,DF,24,3
8479394,Carter Hart,Carter Hart,CAN,1998-08-13,74,196,L,GT,79,54
8482802,Carter Mazur,Carter Mazur,USA,2002-03-28,72,200,R,LW,43,17
8477409,Carter Verhaeghe,Carter Verhaeghe,CAN,1995-08-14,74,183,L,CR,23,13
8475231,Casey Cizikas,Casey Cizikas,CAN,1991-02-27,71,191,L,CR,53,2
8479193,Casey DeSmith,Casey DeSmith,USA,1991-08-13,72,188,L,GT,1,25
8479999,Casey Mittelstadt,Casey Mittelstadt,USA,1998-11-22,73,205,L,CR,11,6
8480051,Cayden Primeau,Cayden Primeau,USA,1999-08-11,75,205,L,GT,30,12
8477244,Chad Ruhwedel,Chad Ruhwedel,USA,1990-05-07,71,189,R,DF,5,3
8476905,Chandler Stephenson,Chandler Stephenson,CAN,1994-04-22,72,201,L,CR,9,55
8480426,Charle-Edouard D'Astous,Charle-Edouard D'Astous,CAN,1998-04-21,74,211,L,DF,51,14
8484428,Charles Alexis Legault,Charles Alexis Legault,CAN,2003-09-05,76,220,R,DF,62,12
8475745,Charlie Coyle,Charlie Coyle,USA,1992-03-02,75,221,R,CR,3,29
8479292,Charlie Lindgren,Charlie Lindgren,USA,1993-12-18,74,190,R,GT,79,15
8479325,Charlie McAvoy,Charlie McAvoy,USA,1997-12-21,73,211,R,DF,73,6
8482507,Chase Bradley,Chase Bradley,USA,2002-01-09,71,180,L,LW,38,21
8475184,Chris Kreider,Chris Kreider,USA,1991-04-30,75,232,L,CR,20,24
8475690,Chris Tanev,Chris Tanev,CAN,1989-12-20,75,200,R,DF,8,10
8475780,Chris Wagner,Chris Wagner,USA,1991-05-27,72,192,R,RW,14,21
8477989,Christian Dvorak,Christian Dvorak,USA,1996-02-02,73,190,L,LW,22,4
8478432,Christian Fischer,Christian Fischer,USA,1997-04-15,74,212,R,RW,36,29
8478056,Clark Bishop,Clark Bishop,CAN,1996-03-29,73,197,L,CR,61,20
8473512,Claude Giroux,Claude Giroux,CAN,1988-01-12,71,186,R,RW,28,9
8483532,Clay Stevenson,Clay Stevenson,CAN,1999-03-03,76,195,L,GT,33,15
8479343,Clayton Keller,Clayton Keller,USA,1998-07-29,70,175,L,CR,9,68
8476879,Cody Ceci,Cody Ceci,CAN,1993-12-21,75,210,R,DF,44,26
8479996,Cody Glass,Cody Glass,CAN,1999-04-01,75,201,R,CR,12,1
8481540,Cole Caufield,Cole Caufield,USA,2001-01-02,68,175,R,RW,13,8
8481043,Cole Koepke,Cole Koepke,USA,1998-05-17,73,207,L,LW,45,52
8482149,Cole Perfetti,Cole Perfetti,CAN,2002-01-01,71,185,L,CR,91,52
8481133,Cole Reinhardt,Cole Reinhardt,CAN,2000-02-01,73,207,L,LW,23,54
8481655,Cole Schwindt,Cole Schwindt,CAN,2001-04-25,75,210,R,RW,22,13
8482705,Cole Sillinger,Cole Sillinger,USA,2003-05-16,72,202,L,CR,4,29
8482062,Cole Smith,Cole Smith,USA,1995-10-28,75,195,L,LW,36,18
8476278,Colin Blackwell,Colin Blackwell,USA,1993-03-28,68,181,R,CR,15,25
8476525,Colin Miller,Colin Miller,CAN,1992-10-29,73,200,R,DF,6,52
8478400,Colin White,Colin White,USA,1997-01-30,73,195,R,CR,16,28
8484911,Collin Graf,Collin Graf,USA,2002-09-21,73,190,R,RW,51,28
8481551,Colten Ellis,Colten Ellis,CAN,2000-10-05,73,191,L,GT,92,7
8482703,Colton Dach,Colton Dach,CAN,2003-01-04,76,196,L,CR,34,16
8476892,Colton Parayko,Colton Parayko,CAN,1993-05-12,78,228,R,DF,55,19
8476925,Colton Sissons,Colton Sissons,CAN,1993-11-05,73,200,R,CR,10,54
8478841,Colton White,Colton White,CAN,1997-05-03,73,187,L,DF,45,1
8484144,Connor Bedard,Connor Bedard,CAN,2005-07-17,70,190,R,CR,98,16
8477015,Connor Brown,Connor Brown,CAN,1994-01-14,72,184,R,RW,16,1
8484529,Connor Clattenburg,Connor Clattenburg,CAN,2005-05-02,74,215,L,CR,64,22
8477365,Connor Clifton,Connor Clifton,USA,1995-04-28,72,196,R,DF,75,5
8480980,Connor Dewar,Connor Dewar,CAN,1999-06-26,70,187,L,CR,19,5
8476945,Connor Hellebuyck,Connor Hellebuyck,USA,1993-05-19,76,207,L,GT,37,52
8478971,Connor Ingram,Connor Ingram,CAN,1997-03-31,73,218,L,GT,39,22
8482067,Connor Mackey,Connor Mackey,USA,1996-09-12,75,205,L,DF,12,3
8478402,Connor McDavid,Connor McDavid,CAN,1997-01-13,73,194,L,CR,97,22
8481580,Connor McMichael,Connor McMichael,CAN,2001-01-15,72,180,L,CR,24,15
8476473,Connor Murphy,Connor Murphy,USA,1993-03-26,76,212,R,DF,5,16
8482074,Connor Zary,Connor Zary,CAN,2001-09-25,72,178,L,CR,47,20
8478856,Conor Garland,Conor Garland,USA,1996-03-11,70,165,R,RW,8,23
8483447,Conor Geekie,Conor Geekie,CAN,2004-05-05,76,212,L,CR,14,14
8477839,Conor Sheary,Conor Sheary,USA,1992-06-08,68,180,L,LW,43,3
8479982,Conor Timmins,Conor Timmins,CAN,1998-09-18,75,213,R,DF,21,7
8470621,Corey Perry,Corey Perry,CAN,1985-05-16,75,210,R,RW,10,26
8481461,Corey Schueneman,Corey Schueneman,USA,1995-09-02,71,204,L,DF,64,15
8475225,Craig Smith,Craig Smith,USA,1989-09-05,73,203,R,CR,15,17
8480876,Curtis Douglas,Curtis Douglas,CAN,2000-03-06,81,242,L,CR,42,14
8477508,Curtis Lazar,Curtis Lazar,CAN,1995-02-02,72,203,R,CR,20,22
8483445,Cutter Gauthier,Cutter Gauthier,USA,2004-01-19,74,205,L,LW,61,24
8482094,Daemon Hunt,Daemon Hunt,CAN,2002-05-15,73,193,L,DF,48,30
8478057,Dakota Joshua,Dakota Joshua,USA,1996-05-15,75,218,L,CR,81,10
8477541,Dakota Mermis,Dakota Mermis,USA,1994-01-05,72,197,L,DF,3,10
8484164,Dalibor Dvorsky,Dalibor Dvorsky,SVK,2005-06-15,73,207,L,CR,54,19
8476923,Damon Severson,Damon Severson,CAN,1994-08-07,74,204,R,DF,78,29
8478435,Dan Vladar,Dan Vladar,CZE,1997-08-20,77,209,L,GT,80,4
8478466,Daniel Sprong,Daniel Sprong,CAN,1997-03-17,72,195,R,RW,10,1
8484388,Daniil But,Daniil But,RUS,2005-02-15,77,203,R,LW,19,68
8482624,Daniil Miromanov,Daniil Miromanov,RUS,1997-07-11,76,207,R,DF,62,20
8481536,Daniil Misyul,Daniil Misyul,BLR,2000-10-20,75,176,L,DF,93,6
8480193,Daniil Tarasov,Daniil Tarasov,RUS,1999-03-27,77,203,L,GT,40,13
8482101,Danil Gushchin,Danil Gushchin,RUS,2002-02-06,68,165,L,RW,75,21
8483525,Danila Yurov,Danila Yurov,RUS,2003-12-22,73,178,L,RW,22,30
8479371,Dante Fabbro,Dante Fabbro,CAN,1998-06-20,72,200,R,DF,15,29
8478046,Danton Heinen,Danton Heinen,CAN,1995-07-05,74,187,L,LW,43,5
8475311,Darcy Kuemper,Darcy Kuemper,CAN,1990-05-05,77,215,L,GT,35,26
8477498,Darnell Nurse,Darnell Nurse,CAN,1995-02-04,76,215,L,DF,25,22
8478178,Darren Raddysh,Darren Raddysh,CAN,1996-02-28,73,202,R,DF,43,14
8481019,David Gustafsson,David Gustafsson,SWE,2000-04-11,74,196,L,CR,41,52
8483460,David Jiricek,David Jiricek,CZE,2003-11-28,76,204,R,DF,55,30
8480144,David Kampf,David Kampf,CZE,1995-01-12,74,198,L,CR,64,23
8477956,David Pastrnak,David Pastrnak,CZE,1996-05-25,72,199,R,RW,88,6
8474102,David Perron,David Perron,CAN,1988-05-28,72,202,R,LW,57,9
8479496,David Rittich,David Rittich,CZE,1992-08-19,75,200,L,GT,33,2
8475233,David Savard,David Savard,CAN,1990-10-22,73,235,R,DF,58,8
8485493,David Tomasek,David Tomasek,CZE,1996-02-10,74,210,R,RW,86,22
8482110,Dawson Mercer,Dawson Mercer,CAN,2001-10-27,72,180,R,CR,91,1
8483398,Declan Carlile,Declan Carlile,USA,2000-05-18,75,190,L,DF,67,14
8480990,Declan Chisholm,Declan Chisholm,CAN,2000-01-12,73,205,L,DF,47,15
8479395,Dennis Cholowski,Dennis Cholowski,CAN,1998-02-15,74,210,L,DF,44,1
8478502,Dennis Gilbert,Dennis Gilbert,USA,1996-10-30,74,216,L,DF,6,9
8483710,Dennis Hildeby,Dennis Hildeby,SWE,2001-08-19,79,231,L,GT,35,10
8483485,Denton Mateychuk,Denton Mateychuk,CAN,2004-07-12,71,188,L,DF,5,29
8484142,Denver Barkey,Denver Barkey,CAN,2005-04-27,69,155,L,CR,52,4
8475762,Derek Forbort,Derek Forbort,USA,1992-03-04,76,216,L,DF,27,23
8478585,Derek Ryan,Derek Ryan,USA,1986-12-29,70,185,R,CR,10,22
8482445,Devin Cooley,Devin Cooley,USA,1997-05-25,77,192,L,GT,1,20
8483461,Devin Kaplan,Devin Kaplan,USA,2004-01-10,74,199,R,RW,68,4
8476913,Devin Shore,Devin Shore,CAN,1994-07-19,73,206,L,CR,19,30
8482221,Devon Levi,Devon Levi,CAN,2001-12-27,72,192,L,GT,27,7
8478038,Devon Toews,Devon Toews,CAN,1994-02-21,73,191,L,DF,7,21
8484386,Dmitri Simashev,Dmitri Simashev,RUS,2005-02-04,76,198,L,DF,26,68
8481716,Dmitri Voronkov,Dmitri Voronkov,RUS,2000-09-10,77,234,L,LW,10,29
8475179,Dmitry Kulikov,Dmitry Kulikov,RUS,1990-10-29,73,212,L,DF,7,13
8475200,Dmitry Orlov,Dmitry Orlov,RUS,1991-07-23,71,215,L,DF,9,28
8481562,Domenick Fensore,Domenick Fensore,USA,2001-09-07,69,175,L,DF,89,12
8483752,Dominic James,Dominic James,USA,2002-07-03,72,190,L,CR,17,14
8476952,Dominic Toninato,Dominic Toninato,USA,1994-03-09,74,201,L,CR,25,16
8479942,Dominik Shine,Dominik Shine,USA,1993-04-18,71,177,R,RW,50,17
8482131,Donovan Sebrango,Donovan Sebrango,CAN,2002-01-12,74,223,L,DF,6,13
8476462,Dougie Hamilton,Dougie Hamilton,CAN,1993-06-17,78,230,R,DF,7,1
8480208,Drake Batherson,Drake Batherson,CAN,1998-04-27,75,209,R,CR,19,9
8479465,Drake Caggiula,Drake Caggiula,CAN,1994-06-20,70,179,L,CR,8,22
8482123,Drew Commesso,Drew Commesso,USA,2002-07-19,74,180,L,GT,33,16
8474563,Drew Doughty,Drew Doughty,CAN,1989-12-08,73,210,R,DF,8,26
8481563,Drew Helleson,Drew Helleson,USA,2001-03-26,75,208,R,DF,14,24
8482055,Drew O'Connor,Drew O'Connor,USA,1998-06-09,76,209,L,LW,18,23
8478211,Dryden Hunt,Dryden Hunt,CAN,1995-11-24,72,193,L,LW,15,20
8474682,Dustin Tokarski,Dustin Tokarski,CAN,1989-09-16,72,198,L,GT,34,12
8481692,Dustin Wolf,Dustin Wolf,USA,2001-04-16,72,166,L,GT,32,20
8479639,Dylan Coghlan,Dylan Coghlan,CAN,1998-02-19,74,205,R,DF,52,54
8481528,Dylan Cozens,Dylan Cozens,CAN,2001-02-09,75,205,R,CR,24,9
8476331,Dylan DeMelo,Dylan DeMelo,CAN,1993-05-01,73,194,R,DF,2,52
8482663,Dylan Duke,Dylan Duke,USA,2003-03-04,70,184,L,LW,53,14
8482699,Dylan Guenther,Dylan Guenther,CAN,2003-04-10,73,191,R,RW,11,68
8482077,Dylan Holloway,Dylan Holloway,CAN,2001-09-23,73,207,L,CR,81,19
8477946,Dylan Larkin,Dylan Larkin,USA,1996-07-30,73,204,L,CR,71,17
8475795,Dylan McIlrath,Dylan McIlrath,CAN,1992-04-20,77,240,R,DF,52,15
8480049,Dylan Samberg,Dylan Samberg,USA,1999-01-24,76,216,L,DF,54,52
8478440,Dylan Strome,Dylan Strome,CAN,1997-03-07,76,200,L,CR,17,15
8478062,Dysin Mayo,Dysin Mayo,CAN,1996-08-17,72,190,R,DF,37,29
8484158,Easton Cowan,Easton Cowan,CAN,2005-05-20,72,190,L,RW,53,10
8480009,Eeli Tolvanen,Eeli Tolvanen,FIN,1999-04-22,70,182,L,RW,20,55
8480185,Eetu Luostarinen,Eetu Luostarinen,FIN,1998-09-02,75,191,L,CR,27,13
8481178,Egor Zamula,Egor Zamula,RUS,2000-03-30,75,200,L,DF,5,4
8477496,Elias Lindholm,Elias Lindholm,SWE,1994-12-02,73,200,R,CR,28,6
8480012,Elias Pettersson,Elias Pettersson 1,SWE,1998-11-12,74,176,L,CR,40,23
8483678,Elias Pettersson,Elias Pettersson 2,SWE,2004-02-16,74,185,L,DF,25,23
8483510,Elias Salomonsson,Elias Salomonsson,SWE,2004-08-31,72,172,R,DF,57,52
8481725,Elmer Soderblom,Elmer Soderblom,SWE,2001-07-05,80,252,L,RW,85,17
8478007,Elvis Merzlikins,Elvis Merzlikins,LVA,1994-04-13,75,190,L,GT,90,29
8482126,Emil Andrae,Emil Andrae,SWE,2002-02-23,69,189,L,DF,36,4
8480205,Emil Bemstrom,Emil Bemstrom,SWE,1999-06-01,72,190,R,CR,52,5
8482476,Emil Heineman,Emil Heineman,SWE,2001-11-16,74,204,L,LW,51,2
8482929,Emil Lilleberg,Emil Lilleberg,NOR,2001-02-02,75,215,L,DF,78,14
8484471,Emmitt Finnie,Emmitt Finnie,CAN,2005-06-27,73,195,L,CR,58,17
8477480,Eric Comrie,Eric Comrie,CAN,1995-07-06,73,190,L,GT,1,52
8480762,Eric Robinson,Eric Robinson,USA,1995-06-14,74,220,L,LW,50,12
8480073,Erik Brannstrom,Erik Brannstrom,SWE,1999-09-02,70,185,L,DF,26,7
8478416,Erik Cernak,Erik Cernak,SVK,1997-05-28,76,230,R,DF,81,14
8475790,Erik Gudbranson,Erik Gudbranson,CAN,1992-01-07,77,222,R,DF,44,29
8476979,Erik Gustafsson,Erik Gustafsson,SWE,1992-03-14,72,190,L,DF,56,17
8475287,Erik Haula,Erik Haula,FIN,1991-03-23,71,191,L,LW,56,18
8473446,Erik Johnson,Erik Johnson,USA,1988-03-21,76,225,R,DF,6,21
8474578,Erik Karlsson,Erik Karlsson,SWE,1990-05-31,72,185,R,DF,65,5
8481707,Erik Portillo,Erik Portillo,SWE,2000-09-03,78,218,L,GT,1,26
8476902,Esa Lindell,Esa Lindell,FIN,1994-05-23,75,217,L,DF,23,25
8482206,Ethan Cardwell,Ethan Cardwell,CAN,2002-08-30,71,180,R,RW,56,28
8482807,Ethan Del Mastro,Ethan Del Mastro,CAN,2003-01-15,76,210,L,DF,38,16
8483573,Ethen Frank,Ethen Frank,USA,1998-02-05,71,188,R,RW,53,15
8480803,Evan Bouchard,Evan Bouchard,CAN,1999-10-20,75,192,R,DF,2,22
8478542,Evan Rodrigues,Evan Rodrigues,CAN,1993-07-28,71,182,R,CR,17,13
8475169,Evander Kane,Evander Kane,CAN,1991-08-02,74,218,L,LW,91,23
8471215,Evgeni Malkin,Evgeni Malkin,RUS,1986-07-31,77,213,L,CR,71,5
8474149,Evgenii Dadonov,Evgenii Dadonov,RUS,1989-03-12,71,188,L,RW,33,1
8482763,Fabian Lysell,Fabian Lysell,SWE,2003-01-19,71,186,R,RW,23,6
8480188,Fabian Zetterlund,Fabian Zetterlund,SWE,1999-08-25,71,208,R,LW,20,9
8482768,Fedor Svechkov,Fedor Svechkov,RUS,2003-04-05,72,187,L,CR,40,18
8480078,Filip Chytil,Filip Chytil,CZE,1999-09-05,74,210,L,CR,72,23
8476887,Filip Forsberg,Filip Forsberg,SWE,1994-08-13,73,205,R,LW,9,18
8479406,Filip Gustavsson,Filip Gustavsson,SWE,1998-06-07,74,184,L,GT,32,30
8480842,Filip Hallander,Filip Hallander,SWE,2000-06-29,73,203,L,CR,11,5
8479425,Filip Hronek,Filip Hronek,CZE,1997-11-02,72,190,R,DF,17,23
8484403,Florian Xhekaj,Florian Xhekaj,CAN,2004-06-27,75,195,L,LW,63,8
8483493,Frank Nazar,Frank Nazar,USA,2004-01-14,70,190,R,CR,91,16
8478366,Frank Vatrano,Frank Vatrano,USA,1994-03-14,71,203,L,CR,77,24
8483489,Fraser Minten,Fraser Minten,CAN,2004-07-05,74,204,L,CR,93,6
8477919,Freddy Gaudreau,Freddy Gaudreau,CAN,1993-05-01,72,184,R,CR,89,55
8483017,Frederic Brunet,Frederic Brunet,CAN,2003-08-21,75,200,L,DF,59,6
8475883,Frederik Andersen,Frederik Andersen,DNK,1989-10-02,76,229,L,GT,31,12
8484210,Gabe Perreault,Gabe Perreault,CAN,2005-05-07,71,180,L,RW,94,3
8476455,Gabriel Landeskog,Gabriel Landeskog,SWE,1992-11-23,73,215,L,LW,92,21
8480014,Gabriel Vilardi,Gabriel Vilardi,CAN,1999-08-16,75,216,R,CR,13,52
8482201,Gage Goncalves,Gage Goncalves,CAN,2001-01-16,73,189,L,CR,93,14
8477903,Garnet Hathaway,Garnet Hathaway,USA,1991-11-23,74,212,R,RW,19,4
8484149,Gavin Brindley,Gavin Brindley,USA,2004-10-05,68,173,R,CR,54,21
8484312,Georgi Romanov,Georgi Romanov,RUS,1999-12-15,77,207,L,GT,31,19
8483567,Georgii Merkulov,Georgii Merkulov,RUS,2000-10-10,71,174,L,CR,42,6
8479379,Givani Smith,Givani Smith,CAN,1998-02-27,74,214,L,RW,42,12
8480306,Grant Hutton,Grant Hutton,USA,1995-07-25,75,210,R,DF,34,2
8480844,Grigori Denisenko,Grigori Denisenko,RUS,2000-06-24,71,198,R,LW,47,18
8478465,Guillaume Brisebois,Guillaume Brisebois,CAN,1997-07-21,74,175,L,DF,55,23
8478055,Gustav Forsling,Gustav Forsling,SWE,1996-06-12,73,199,L,DF,42,13
8474679,Gustav Nyquist,Gustav Nyquist,SWE,1989-09-01,71,180,L,CR,14,52
8476854,Hampus Lindholm,Hampus Lindholm,SWE,1994-01-20,76,217,L,DF,27,6
8484839,Harrison Brunicke,Harrison Brunicke,CAN,2006-05-08,75,201,R,DF,45,5
8478173,Hayden Hodgson,Hayden Hodgson,CAN,1996-03-02,74,226,R,RW,42,9
8477938,Haydn Fleury,Haydn Fleury,CAN,1996-07-08,76,207,L,DF,24,52
8482169,Helge Grans,Helge Grans,SWE,2002-05-10,76,205,R,DF,3,4
8482148,Hendrix Lapierre,Hendrix Lapierre,CAN,2002-02-09,72,195,L,CR,29,15
8480035,Henri Jokiharju,Henri Jokiharju,FIN,1999-06-17,72,205,R,DF,20,6
8481567,Henry Thrun,Henry Thrun,USA,2001-03-12,74,211,L,DF,3,10
8477392,Hudson Fasching,Hudson Fasching,USA,1995-07-28,75,214,R,RW,20,29
8481070,Hugh McGing,Hugh McGing,USA,1998-07-11,68,174,L,LW,56,19
8484150,Hunter Brzustewicz,Hunter Brzustewicz,USA,2004-11-29,72,190,R,DF,48,20
8483452,Hunter Haight,Hunter Haight,CAN,2004-04-04,70,173,R,CR,37,30
8482411,Hunter Shepard,Hunter Shepard,USA,1995-11-07,71,225,L,GT,31,9
8481715,Hunter Skinner,Hunter Skinner,USA,2001-04-29,75,195,R,DF,48,19
8474013,Ian Cole,Ian Cole,USA,1989-02-21,73,237,L,DF,28,68
8480070,Ian Mitchell,Ian Mitchell,CAN,1999-01-18,71,198,R,DF,NA,17
8482178,Ian Moore,Ian Moore,USA,2002-01-04,75,205,R,DF,74,24
8484994,Igor Chernyshov,Igor Chernyshov,RUS,2005-11-30,74,195,R,LW,92,28
8478048,Igor Shesterkin,Igor Shesterkin,RUS,1995-12-30,73,199,L,GT,31,3
8480950,Ilya Lyubushkin,Ilya Lyubushkin,RUS,1994-04-06,74,206,R,DF,46,25
8481624,Ilya Mikheyev,Ilya Mikheyev,RUS,1994-10-10,74,192,L,RW,95,16
8478492,Ilya Samsonov,Ilya Samsonov,RUS,1997-02-22,75,208,L,GT,35,54
8482470,Ilya Solovyov,Ilya Solovyov,BLR,2000-07-20,75,208,L,DF,28,21
8478009,Ilya Sorokin,Ilya Sorokin,RUS,1995-08-04,75,189,L,GT,30,2
8483455,Isaac Howard,Isaac Howard,USA,2004-03-30,70,180,L,LW,53,22
8482192,Isaak Phillips,Isaak Phillips,CAN,2001-09-28,75,205,L,DF,3,52
8480806,Isac Lundeström,Isac Lundeström,SWE,1999-11-06,73,192,L,CR,21,29
8483448,Isaiah George,Isaiah George,CAN,2004-02-15,73,203,L,DF,36,2
8482765,Isak Rosen,Isak Rosen,SWE,2003-03-15,72,185,L,RW,63,7
8477964,Ivan Barbashev,Ivan Barbashev,RUS,1995-12-14,72,203,L,CR,49,54
8484984,Ivan Demidov,Ivan Demidov,RUS,2005-12-10,73,192,L,RW,93,8
8478905,Ivan Fedotov,Ivan Fedotov,RUS,1996-11-28,79,209,L,GT,28,29
8483930,Ivan Ivan,Ivan Ivan,CZE,2002-08-20,72,190,L,CR,82,21
8483491,Ivan Miroshnichenko,Ivan Miroshnichenko,RUS,2004-02-04,73,185,R,LW,63,15
8478500,Ivan Provorov,Ivan Provorov,RUS,1997-01-13,73,224,L,DF,9,29
8482655,J.J. Moser,J.J. Moser,CHE,2000-06-06,74,183,L,DF,90,14
8477456,J.T. Compher,J.T. Compher,USA,1995-04-08,72,191,R,LW,37,17
8476468,J.T. Miller,J.T. Miller,USA,1993-03-14,72,211,L,CR,8,3
8482175,JJ Peterka,JJ Peterka,DEU,2002-01-14,72,189,L,RW,77,68
8476958,Jaccob Slavin,Jaccob Slavin,USA,1994-05-01,75,207,L,DF,74,12
8482072,Jack Ahcan,Jack Ahcan,USA,1997-05-18,68,180,L,DF,15,21
8483433,Jack Devine,Jack Devine,USA,2003-10-01,71,173,R,RW,38,13
8480835,Jack Drury,Jack Drury,USA,2000-02-03,71,186,L,CR,18,21
8478403,Jack Eichel,Jack Eichel,USA,1996-10-28,74,208,R,CR,9,54
8482090,Jack Finley,Jack Finley,USA,2002-09-02,78,227,R,CR,62,14
8481559,Jack Hughes,Jack Hughes,USA,2001-05-14,71,175,L,CR,86,1
8471677,Jack Johnson,Jack Johnson,USA,1987-01-13,74,225,L,DF,3,29
8480855,Jack McBain,Jack McBain,CAN,2000-01-06,76,219,L,CR,22,68
8482097,Jack Quinn,Jack Quinn,CAN,2001-09-19,73,185,R,RW,22,7
8478458,Jack Roslovic,Jack Roslovic,USA,1997-01-29,73,198,R,CR,28,22
8481030,Jack St. Ivany,Jack St. Ivany,USA,1999-07-22,76,197,R,DF,3,5
8480021,Jack Studnicka,Jack Studnicka,CAN,1999-02-18,73,187,R,CR,53,13
8482144,Jack Thompson,Jack Thompson,CAN,2002-03-19,73,189,R,DF,26,28
8485469,Jack Williams,Jack Williams,USA,2002-03-02,71,185,R,RW,29,29
8482809,Jackson Blake,Jackson Blake,USA,2003-08-03,71,185,R,RW,53,12
8481605,Jackson LaCombe,Jackson LaCombe,USA,2001-01-09,74,208,L,DF,2,24
8480879,Jacob Bernard-Docker,Jacob Bernard-Docker,CAN,2000-06-30,73,196,R,DF,25,17
8480196,Jacob Bryson,Jacob Bryson,CAN,1997-11-18,69,177,L,DF,78,7
8484170,Jacob Fowler,Jacob Fowler,USA,2004-11-24,73,223,L,GT,32,8
8481848,Jacob Gaucher,Jacob Gaucher,CAN,2001-03-09,75,185,R,CR,78,4
8474593,Jacob Markstrom,Jacob Markstrom,SWE,1990-01-31,78,207,L,GT,25,1
8482874,Jacob Melanson,Jacob Melanson,CAN,2003-04-22,72,207,R,RW,63,55
8479421,Jacob Moverare,Jacob Moverare,SWE,1998-08-31,75,205,L,DF,43,26
8484901,Jacob Quillan,Jacob Quillan,CAN,2002-02-02,73,204,L,CR,26,10
8476885,Jacob Trouba,Jacob Trouba,USA,1994-02-26,75,212,R,DF,65,24
8475768,Jaden Schwartz,Jaden Schwartz,CAN,1992-06-25,70,185,L,CR,17,55
8474596,Jake Allen,Jake Allen,CAN,1990-08-07,74,197,L,GT,34,1
8479402,Jake Bean,Jake Bean,CAN,1998-06-09,73,191,L,DF,24,20
8481161,Jake Christiansen,Jake Christiansen,CAN,1999-09-12,72,199,L,DF,2,29
8478498,Jake DeBrusk,Jake DeBrusk,CAN,1996-10-17,73,198,L,LW,74,23
8478133,Jake Evans,Jake Evans,CAN,1996-06-02,72,190,R,CR,71,8
8477404,Jake Guentzel,Jake Guentzel,USA,1994-10-06,71,176,L,CR,59,14
8481422,Jake Lucchini,Jake Lucchini,CAN,1995-05-09,72,180,L,CR,21,18
8476931,Jake McCabe,Jake McCabe,USA,1993-10-12,73,210,L,DF,22,10
8478136,Jake Middleton,Jake Middleton,CAN,1996-01-02,75,219,L,DF,5,30
8482089,Jake Neighbours,Jake Neighbours,CAN,2002-03-29,72,201,L,LW,63,19
8479979,Jake Oettinger,Jake Oettinger,USA,1998-12-18,78,225,L,GT,29,25
8482105,Jake Sanderson,Jake Sanderson,USA,2002-07-08,74,202,L,DF,85,9
8478013,Jake Walman,Jake Walman,CAN,1996-02-20,73,218,L,DF,96,22
8479345,Jakob Chychrun,Jakob Chychrun,CAN,1998-03-31,74,215,L,DF,6,15
8481592,Jakob Pelletier,Jakob Pelletier,CAN,2001-03-07,70,172,L,LW,11,14
8482487,Jakub Dobes,Jakub Dobes,CZE,2001-05-27,76,215,L,GT,75,8
8480880,Jakub Lauko,Jakub Lauko,CZE,2000-03-28,73,193,L,CR,94,6
8480819,Jakub Skarek,Jakub Skarek,CZE,1999-11-10,76,211,L,GT,36,28
8477944,Jakub Vrana,Jakub Vrana,CZE,1996-02-28,72,197,L,LW,19,18
8478970,Jalen Chatfield,Jalen Chatfield,USA,1996-05-15,73,209,R,DF,5,12
8482744,James Malatesta,James Malatesta,CAN,2003-05-31,69,193,L,LW,67,29
8473503,James Reimer,James Reimer,CAN,1988-03-15,74,200,L,GT,47,7
8474037,James van Riemsdyk,James van Riemsdyk,USA,1989-05-04,75,210,L,LW,21,17
8473994,Jamie Benn,Jamie Benn,CAN,1989-07-18,75,210,L,LW,14,25
8482142,Jamie Drysdale,Jamie Drysdale,CAN,2002-04-08,71,185,R,DF,9,4
8476467,Jamie Oleksiak,Jamie Oleksiak,CAN,1992-12-21,79,252,L,DF,24,55
8480890,Jan Jenik,Jan Jenik,CZE,2000-09-15,73,204,L,CR,14,9
8480172,Jan Rutta,Jan Rutta,CZE,1990-07-29,75,204,R,DF,84,28
8475825,Jani Hakanpää,Jani Hakanpää,FIN,1992-03-31,79,225,R,DF,28,10
8483497,Jani Nyman,Jani Nyman,FIN,2004-07-30,74,212,L,RW,38,55
8478424,Jansen Harkins,Jansen Harkins,USA,1997-05-23,73,197,L,CR,24,24
8483728,Jared Davidson,Jared Davidson,CAN,2002-07-07,71,183,L,CR,49,8
8477955,Jared McCann,Jared McCann,CAN,1996-05-31,73,191,L,CR,19,55
8474716,Jared Spurgeon,Jared Spurgeon,CAN,1989-11-29,69,166,R,DF,46,30
8479994,Jaret Anderson-Dolan,Jaret Anderson-Dolan,CAN,1999-09-12,71,200,L,CR,28,52
8482877,Jaroslav Chmelar,Jaroslav Chmelar,CZE,2003-07-20,76,226,R,RW,49,3
8477450,Jason Dickinson,Jason Dickinson,CAN,1995-07-04,74,200,L,CR,16,16
8484255,Jason Polin,Jason Polin,USA,1999-06-17,72,198,R,RW,14,21
8480027,Jason Robertson,Jason Robertson,USA,1999-07-22,75,204,L,LW,21,25
8475722,Jason Zucker,Jason Zucker,USA,1992-01-16,71,198,L,LW,17,7
8483530,Jaxson Stauber,Jaxson Stauber,USA,1999-04-27,75,174,L,GT,33,68
8477034,Jaycob Megna,Jaycob Megna,USA,1992-12-10,78,214,L,DF,88,54
8481593,Jayden Struble,Jayden Struble,USA,2001-09-08,72,207,L,DF,47,8
8476419,Jean-Gabriel Pageau,Jean-Gabriel Pageau,CAN,1992-11-11,71,180,R,CR,44,2
8482408,Jeff Malott,Jeff Malott,CAN,1996-08-07,77,215,L,LW,39,26
8473507,Jeff Petry,Jeff Petry,USA,1987-12-09,75,208,R,DF,2,13
8475784,Jeff Skinner,Jeff Skinner,CAN,1992-05-16,71,200,L,CR,53,28
8479705,Jeffrey Viel,Jeffrey Viel,CAN,1997-01-28,73,214,L,LW,48,6
8484976,Jere Innala,Jere Innala,FIN,1998-03-17,69,183,L,LW,22,21
8478468,Jeremy Lauzon,Jeremy Lauzon,CAN,1997-04-28,75,225,L,DF,5,54
8480280,Jeremy Swayman,Jeremy Swayman,USA,1998-11-24,75,195,L,GT,1,6
8480003,Jesper Boqvist,Jesper Boqvist,SWE,1998-10-30,73,191,L,CR,70,13
8479407,Jesper Bratt,Jesper Bratt,SWE,1998-07-30,70,175,L,LW,63,1
8482661,Jesper Wallstedt,Jesper Wallstedt,SWE,2002-11-14,75,214,L,GT,30,30
8480829,Jesperi Kotkaniemi,Jesperi Kotkaniemi,FIN,2000-07-06,75,212,L,CR,82,12
8479344,Jesse Puljujarvi,Jesse Puljujarvi,FIN,1998-05-07,76,216,R,RW,20,13
8482982,Jet Greaves,Jet Greaves,CAN,2001-03-30,72,188,L,GT,73,29
8484779,Jett Luchanko,Jett Luchanko,CAN,2006-08-21,71,180,R,CR,17,4
8481486,Jimmy Schuldt,Jimmy Schuldt,USA,1995-05-11,73,203,L,DF,48,23
8483516,Jimmy Snuggerud,Jimmy Snuggerud,USA,2004-06-01,73,193,R,RW,21,19
8476918,Jimmy Vesey,Jimmy Vesey,USA,1993-05-26,74,203,L,LW,26,21
8483468,Jiri Kulich,Jiri Kulich,CZE,2004-04-14,73,193,L,CR,20,7
8480238,Jiri Patera,Jiri Patera,CZE,1999-02-24,75,212,L,GT,30,23
8483465,Joakim Kemell,Joakim Kemell,FIN,2004-04-27,71,182,R,RW,25,18
8476469,Joel Armia,Joel Armia,FIN,1993-05-31,75,215,R,RW,40,26
8482446,Joel Blomqvist,Joel Blomqvist,FIN,2002-01-10,75,204,L,GT,30,5
8476441,Joel Edmundson,Joel Edmundson,CAN,1993-06-28,77,220,L,DF,6,26
8478493,Joel Eriksson Ek,Joel Eriksson Ek,SWE,1997-01-29,75,207,L,CR,14,30
8480797,Joel Farabee,Joel Farabee,USA,2000-02-25,72,186,L,LW,86,20
8477810,Joel Hanley,Joel Hanley,CAN,1991-06-08,71,186,L,DF,44,20
8480981,Joel Hofer,Joel Hofer,CAN,2000-07-30,77,193,L,GT,30,19
8481641,Joel Kiviranta,Joel Kiviranta,FIN,1996-03-23,71,185,L,LW,94,21
8482911,Joel Nystrom,Joel Nystrom,SWE,2002-05-14,71,178,R,DF,64,12
8479315,Joey Anderson,Joey Anderson,USA,1998-06-19,72,207,R,RW,22,16
8478916,Joey Daccord,Joey Daccord,USA,1996-08-19,74,201,L,GT,35,55
8481556,John Beecher,John Beecher,USA,2001-04-05,75,220,L,CR,18,20
8474590,John Carlson,John Carlson,USA,1990-01-10,75,220,R,DF,74,15
8481558,John Farinacci,John Farinacci,USA,2001-02-14,72,184,R,CR,32,6
8476434,John Gibson,John Gibson,USA,1993-07-14,75,209,L,GT,36,17
8477401,John Hayden,John Hayden,USA,1995-02-14,75,223,R,CR,15,55
8475906,John Klingberg,John Klingberg,SWE,1992-08-14,74,185,R,DF,3,28
8481077,John Leonard,John Leonard,USA,1998-08-07,71,192,L,LW,43,17
8481206,John Ludvig,John Ludvig,CZE,2000-08-02,73,210,L,DF,3,21
8478507,John Marino,John Marino,USA,1997-05-21,73,200,R,DF,6,68
8475166,John Tavares,John Tavares,CAN,1990-09-20,73,217,L,CR,91,10
8480192,Johnathan Kovacevic,Johnathan Kovacevic,CAN,1997-07-12,77,223,R,DF,8,1
8475750,Jon Merrill,Jon Merrill,USA,1992-02-03,75,204,L,DF,4,30
8479981,Jonah Gadjovich,Jonah Gadjovich,CAN,1998-10-12,75,211,L,LW,12,13
8476463,Jonas Brodin,Jonas Brodin,SWE,1993-07-12,74,196,L,DF,25,30
8477992,Jonas Johansson,Jonas Johansson,SWE,1995-09-19,77,220,L,GT,31,14
8480007,Jonas Rondbjerg,Jonas Rondbjerg,DNK,1999-03-31,74,206,L,RW,46,54
8478399,Jonas Siegenthaler,Jonas Siegenthaler,CHE,1997-05-06,74,218,L,DF,71,1
8481013,Jonatan Berggren,Jonatan Berggren,SWE,2000-07-16,71,195,L,CR,29,19
8481219,Jonathan Aspirot,Jonathan Aspirot,CAN,1999-05-16,72,212,L,DF,45,6
8477494,Jonathan Drouin,Jonathan Drouin,CAN,1995-03-28,71,189,L,LW,29,2
8476456,Jonathan Huberdeau,Jonathan Huberdeau,CAN,1993-06-04,73,200,L,CR,10,20
8483476,Jonathan Lekkerimäki,Jonathan Lekkerimäki,SWE,2004-07-24,71,172,R,RW,23,23
8476539,Jonathan Marchessault,Jonathan Marchessault,CAN,1990-12-27,69,185,R,CR,81,18
8471734,Jonathan Quick,Jonathan Quick,USA,1986-01-21,73,219,L,GT,32,3
8473604,Jonathan Toews,Jonathan Toews,CAN,1988-04-29,74,201,L,CR,19,52
8477380,Jonny Brodzinski,Jonny Brodzinski,USA,1993-06-19,72,206,R,CR,22,3
8479533,Joona Koppanen,Joona Koppanen,FIN,1998-02-25,77,216,L,LW,15,5
8476914,Joonas Korpisalo,Joonas Korpisalo,FIN,1994-04-28,76,200,L,GT,70,6
8476412,Jordan Binnington,Jordan Binnington,CAN,1993-07-11,74,172,L,GT,50,19
8474586,Jordan Eberle,Jordan Eberle,CAN,1990-05-15,71,180,R,CR,7,55
8478413,Jordan Greenway,Jordan Greenway,USA,1997-02-16,78,231,L,LW,12,7
8480887,Jordan Harris,Jordan Harris,USA,2000-07-07,72,189,L,DF,43,6
8479385,Jordan Kyrou,Jordan Kyrou,CAN,1998-05-05,73,189,R,CR,25,19
8476921,Jordan Martinook,Jordan Martinook,CAN,1992-07-25,73,208,L,LW,48,12
8477851,Jordan Oesterle,Jordan Oesterle,USA,1992-06-25,72,181,L,DF,82,18
8481606,Jordan Spence,Jordan Spence,CAN,2001-02-24,71,188,R,DF,10,9
8473533,Jordan Staal,Jordan Staal,CAN,1988-09-10,76,220,L,CR,11,12
8476425,Joseph LaBate,Joseph LaBate,USA,1993-04-16,77,225,L,CR,14,23
8480813,Joseph Veleno,Joseph Veleno,CAN,2000-01-13,73,201,L,CR,90,8
8479361,Joseph Woll,Joseph Woll,USA,1998-07-12,75,212,L,GT,60,10
8476981,Josh Anderson,Josh Anderson,CAN,1994-05-07,75,226,R,RW,17,8
8482659,Josh Doan,Josh Doan,USA,2002-02-01,74,198,R,RW,91,7
8482623,Josh Dunne,Josh Dunne,USA,1998-12-08,76,208,L,CR,44,7
8479372,Josh Mahura,Josh Mahura,CAN,1998-05-05,72,193,L,DF,28,55
8476312,Josh Manson,Josh Manson,CAN,1991-10-07,75,218,R,DF,42,21
8477504,Josh Morrissey,Josh Morrissey,CAN,1995-03-28,72,195,L,DF,44,52
8480064,Josh Norris,Josh Norris,USA,1999-05-05,74,196,L,CR,9,7
8477384,Joshua Brown,Joshua Brown,CAN,1994-01-21,77,220,R,DF,44,22
8482749,Joshua Roy,Joshua Roy,CAN,2003-08-06,72,192,L,RW,89,8
8484929,Juha Jaaska,Juha Jaaska,FIN,1998-02-09,72,210,L,LW,54,12
8477996,Juho Lammikko,Juho Lammikko,FIN,1996-01-29,74,191,L,LW,83,1
8479328,Julien Gauthier,Julien Gauthier,CAN,1997-10-15,76,230,R,RW,26,2
8483515,Juraj Slafkovský,Juraj Slafkovský,SVK,2004-03-30,75,225,L,LW,20,8
8482111,Justin Barron,Justin Barron,CAN,2001-11-15,74,198,R,DF,20,18
8479638,Justin Brazeau,Justin Brazeau,CAN,1998-02-02,78,232,R,RW,16,5
8479941,Justin Danforth,Justin Danforth,CAN,1993-03-15,68,193,R,RW,15,7
8475413,Justin Dowling,Justin Dowling,CAN,1990-10-01,71,178,L,CR,37,3
8475753,Justin Faulk,Justin Faulk,USA,1992-03-20,72,208,R,DF,72,19
8475718,Justin Holl,Justin Holl,USA,1992-01-30,76,194,R,DF,3,17
8484829,Justin Hryckowian,Justin Hryckowian,CAN,2001-02-23,71,198,L,CR,49,25
8477993,Justin Kirkland,Justin Kirkland,CAN,1996-08-02,75,183,L,CR,23,20
8482785,Justin Robidas,Justin Robidas,USA,2003-03-13,68,176,R,CR,46,12
8482088,Justin Sourdif,Justin Sourdif,CAN,2002-03-24,72,195,R,RW,34,15
8481020,Justus Annunen,Justus Annunen,FIN,2000-03-11,76,210,L,GT,29,18
8477424,Juuse Saros,Juuse Saros,FIN,1995-04-19,71,180,L,GT,74,18
8481704,Juuso Parssinen,Juuso Parssinen,FIN,2001-02-01,75,207,L,CR,71,3
8479976,Juuso Välimäki,Juuso Välimäki,FIN,1998-10-06,74,201,L,DF,4,68
8480817,K'Andre Miller,K'Andre Miller,USA,2000-01-21,77,210,L,DF,19,12
8478039,Kaapo Kahkonen,Kaapo Kahkonen,FIN,1996-08-16,74,217,L,GT,34,8
8481554,Kaapo Kakko,Kaapo Kakko,FIN,2001-02-13,73,215,L,RW,84,55
8481527,Kaedan Korczak,Kaedan Korczak,CAN,2001-01-29,75,206,R,DF,6,54
8482087,Kaiden Guhle,Kaiden Guhle,CAN,2002-01-18,75,202,L,DF,21,8
8479977,Kailer Yamamoto,Kailer Yamamoto,USA,1998-09-29,69,178,R,RW,56,68
8478872,Karel Vejmelka,Karel Vejmelka,CZE,1996-05-25,76,221,R,GT,70,68
8485483,Karsen Dorwart,Karsen Dorwart,USA,2002-09-17,73,194,L,LW,23,4
8477953,Kasperi Kapanen,Kasperi Kapanen,FIN,1996-07-23,73,194,R,RW,42,22
8479387,Keaton Middleton,Keaton Middleton,CAN,1998-02-10,78,240,L,DF,67,21
8478434,Keegan Kolesar,Keegan Kolesar,CAN,1997-04-08,74,216,R,RW,55,54
8482660,Kent Johnson,Kent Johnson,CAN,2002-10-18,72,170,L,CR,91,29
8480860,Kevin Bahl,Kevin Bahl,CAN,2000-06-27,78,230,L,DF,7,20
8477942,Kevin Fiala,Kevin Fiala,CHE,1996-07-22,72,205,L,LW,22,26
8475857,Kevin Gravel,Kevin Gravel,USA,1992-03-06,76,205,L,DF,5,18
8475763,Kevin Hayes,Kevin Hayes,USA,1992-05-08,75,217,L,RW,13,5
8483466,Kevin Korchinski,Kevin Korchinski,CAN,2004-06-21,73,185,L,DF,14,16
8478099,Kevin Labanc,Kevin Labanc,USA,1995-12-12,71,185,R,RW,62,29
8480947,Kevin Lankinen,Kevin Lankinen,FIN,1995-04-28,74,190,L,GT,32,23
8479291,Kevin Rooney,Kevin Rooney,USA,1993-05-21,74,190,L,CR,25,68
8478831,Kevin Stenlund,Kevin Stenlund,SWE,1996-09-20,75,213,R,CR,82,68
8480748,Kiefer Sherwood,Kiefer Sherwood,USA,1995-03-31,72,194,R,LW,44,23
8479356,Kieffer Bellows,Kieffer Bellows,USA,1998-06-10,73,195,L,LW,26,18
8481523,Kirby Dach,Kirby Dach,CAN,2001-01-21,76,221,R,CR,77,8
8478864,Kirill Kaprizov,Kirill Kaprizov,RUS,1997-04-26,70,202,L,LW,97,30
8483467,Kirill Kudryavtsev,Kirill Kudryavtsev,RUS,2004-02-05,71,200,L,DF,59,23
8480893,Kirill Marchenko,Kirill Marchenko,RUS,2000-07-21,75,201,R,RW,86,29
8480011,Klim Kostin,Klim Kostin,RUS,1999-05-05,76,232,L,CR,10,28
8471724,Kris Letang,Kris Letang,CAN,1987-04-24,72,199,R,DF,58,5
8477073,Kurtis MacDermid,Kurtis MacDermid,CAN,1994-03-25,77,233,L,LW,23,9
8477335,Kyle Burroughs,Kyle Burroughs,CAN,1995-07-12,72,193,R,DF,7,26
8478476,Kyle Capobianco,Kyle Capobianco,CAN,1997-08-13,75,194,L,DF,20,25
8478398,Kyle Connor,Kyle Connor,USA,1996-12-09,73,183,L,LW,81,52
8481237,Kyle MacLean,Kyle MacLean,USA,1999-04-29,73,190,L,CR,32,2
8475151,Kyle Palmieri,Kyle Palmieri,USA,1991-02-01,72,192,R,CR,21,2
8482172,Landon Slaggert,Landon Slaggert,USA,2002-06-25,72,180,L,LW,84,16
8483457,Lane Hutson,Lane Hutson,USA,2004-02-14,69,162,L,DF,48,8
8474189,Lars Eller,Lars Eller,DNK,1989-05-08,74,207,L,CR,89,9
8478474,Lawson Crouse,Lawson Crouse,CAN,1997-06-23,76,214,L,LW,67,68
8482447,Leevi Meriläinen,Leevi Meriläinen,FIN,2002-08-13,74,196,L,GT,1,9
8484153,Leo Carlsson,Leo Carlsson,SWE,2004-12-26,75,208,L,CR,91,24
8477934,Leon Draisaitl,Leon Draisaitl,DEU,1995-10-27,74,209,L,CR,29,22
8480853,Liam Foudy,Liam Foudy,CAN,2000-02-04,73,186,L,CR,43,2
8477070,Liam O'Brien,Liam O'Brien,CAN,1994-07-29,73,215,L,CR,38,68
8483499,Liam Ohgren,Liam Ohgren,SWE,2004-01-28,72,187,L,LW,92,23
8483425,Lian Bichsel,Lian Bichsel,CHE,2004-05-18,79,237,L,DF,6,25
8481024,Linus Karlsson,Linus Karlsson,SWE,1999-11-16,73,178,R,CR,94,23
8476999,Linus Ullmark,Linus Ullmark,SWE,1993-07-31,76,223,L,GT,35,9
8483431,Logan Cooley,Logan Cooley,USA,2004-05-04,72,191,L,CR,92,68
8482733,Logan Mailloux,Logan Mailloux,CAN,2003-04-15,75,212,R,DF,23,19
8481186,Logan O'Connor,Logan O'Connor,USA,1996-08-14,72,175,R,RW,25,21
8482702,Logan Stankoven,Logan Stankoven,CAN,2003-02-26,68,165,R,CR,22,12
8479378,Logan Stanley,Logan Stanley,CAN,1998-05-26,79,231,L,DF,64,52
8480313,Logan Thompson,Logan Thompson,CAN,1997-02-25,76,207,R,GT,48,15
8481806,Louis Crevier,Louis Crevier,CAN,2001-05-04,80,228,R,DF,46,16
8475839,Louis Domingue,Louis Domingue,CAN,1992-03-06,75,207,R,GT,70,3
8484152,Luca Cagnoni,Luca Cagnoni,CAN,2004-12-21,69,180,L,DF,42,28
8483432,Luca Del Bel Belluz,Luca Del Bel Belluz,CAN,2003-11-10,73,185,L,CR,65,29
8484214,Luca Pinelli,Luca Pinelli,CAN,2005-04-05,69,176,L,CR,53,29
8479523,Lucas Carlsson,Lucas Carlsson,SWE,1997-07-05,72,190,L,DF,32,28
8483549,Lucas Condotta,Lucas Condotta,CAN,1997-11-06,73,218,L,CR,82,8
8482078,Lucas Raymond,Lucas Raymond,SWE,2002-03-28,71,186,R,LW,23,17
8480843,Lukas Dostal,Lukas Dostal,CZE,2000-06-22,74,190,L,GT,1,24
8482117,Lukas Reichel,Lukas Reichel,DEU,2002-05-17,72,170,L,LW,73,23
8482146,Luke Evangelista,Luke Evangelista,CAN,2002-02-21,72,183,R,RW,77,18
8476822,Luke Glendening,Luke Glendening,USA,1989-04-28,71,190,R,CR,14,1
8482684,Luke Hughes,Luke Hughes,USA,2003-09-09,74,198,L,DF,43,1
8479316,Luke Kunin,Luke Kunin,USA,1997-12-04,72,197,R,CR,71,13
8474568,Luke Schenn,Luke Schenn,CAN,1989-11-02,74,225,R,DF,5,52
8477346,MacKenzie Weegar,MacKenzie Weegar,CAN,1994-01-07,72,206,R,DF,52,20
8478406,Mackenzie Blackwood,Mackenzie Blackwood,CAN,1996-12-09,76,225,L,GT,39,21
8476907,Mackenzie MacEachern,Mackenzie MacEachern,USA,1994-03-09,74,193,L,LW,20,23
8482713,Mackie Samoskevich,Mackie Samoskevich,USA,2002-11-15,71,180,R,RW,11,13
8484801,Macklin Celebrini,Macklin Celebrini,CAN,2006-06-13,72,190,L,CR,71,28
8481544,Mads Sogaard,Mads Sogaard,DNK,2000-12-13,79,231,L,GT,40,9
8482177,Marat Khusnutdinov,Marat Khusnutdinov,RUS,2002-07-17,71,184,L,CR,92,6
8481743,Marc Del Gaizo,Marc Del Gaizo,USA,1999-10-11,71,188,L,DF,37,8
8483553,Marc Gatcomb,Marc Gatcomb,USA,1999-07-22,74,200,R,CR,16,2
8483397,Marc McLaughlin,Marc McLaughlin,USA,1999-07-26,72,202,R,CR,21,1
8470594,Marc-Andre Fleury,Marc-Andre Fleury,CAN,1984-11-28,74,185,L,GT,29,30
8471709,Marc-Edouard Vlasic,Marc-Edouard Vlasic,CAN,1987-03-30,73,205,L,DF,44,28
8483464,Marco Kasper,Marco Kasper,AUT,2004-04-08,73,202,L,CR,92,17
8482079,Marco Rossi,Marco Rossi,AUT,2001-09-23,69,182,L,CR,93,23
8475220,Marcus Foligno,Marcus Foligno,CAN,1991-08-10,75,226,L,LW,17,30
8477405,Marcus Hogberg,Marcus Hogberg,SWE,1994-11-25,77,232,L,GT,50,2
8475149,Marcus Johansson,Marcus Johansson,SWE,1990-10-06,73,203,L,LW,90,30
8477969,Marcus Pettersson,Marcus Pettersson,SWE,1996-05-08,77,174,L,DF,29,23
8479983,Mario Ferraro,Mario Ferraro,CAN,1998-09-17,71,200,L,DF,38,28
8478017,Mark Friedman,Mark Friedman,CAN,1995-12-25,71,185,R,DF,51,18
8476873,Mark Jankowski,Mark Jankowski,CAN,1994-09-13,76,200,L,CR,77,12
8480355,Mark Kastelic,Mark Kastelic,USA,1999-03-11,76,234,R,CR,47,6
8476460,Mark Scheifele,Mark Scheifele,CAN,1993-03-15,75,207,R,CR,55,52
8475913,Mark Stone,Mark Stone,CAN,1992-05-13,75,210,R,RW,61,54
8481569,Marshall Warren,Marshall Warren,USA,2001-04-20,71,195,L,DF,41,2
8480796,Martin Fehervary,Martin Fehervary,SVK,1999-10-06,74,215,L,DF,42,15
8480039,Martin Necas,Martin Necas,CZE,1999-01-15,75,195,R,CR,88,21
8481028,Martin Pospisil,Martin Pospisil,SVK,1999-11-19,74,173,L,CR,76,20
8478891,Mason Appleton,Mason Appleton,USA,1996-01-15,74,196,R,CR,22,17
8477419,Mason Geertsen,Mason Geertsen,CAN,1995-04-19,76,231,L,LW,55,7
8482511,Mason Lohrei,Mason Lohrei,USA,2001-01-17,77,218,L,DF,6,6
8478975,Mason Marchment,Mason Marchment,CAN,1995-06-18,77,212,L,LW,17,29
8482745,Mason McTavish,Mason McTavish,CAN,2003-01-30,73,219,L,CR,23,24
8481462,Mason Morelli,Mason Morelli,USA,1996-02-01,72,208,L,LW,11,54
8481712,Matej  Blümel,Matej  Blümel,CZE,2000-05-31,72,202,L,RW,13,6
8478445,Mathew Barzal,Mathew Barzal,CAN,1997-05-26,73,186,R,CR,13,2
8476856,Mathew Dumba,Mathew Dumba,CAN,1994-07-25,72,191,R,DF,24,5
8478472,Mathieu Joseph,Mathieu Joseph,CAN,1997-02-09,73,189,L,RW,71,19
8479671,Mathieu Olivier,Mathieu Olivier,USA,1997-02-11,73,232,R,RW,24,29
8481711,Matias Maccelli,Matias Maccelli,FIN,2000-10-14,71,187,L,LW,63,10
8475692,Mats Zuccarello,Mats Zuccarello,NOR,1987-09-01,68,181,L,CR,36,30
8481557,Matt Boldy,Matt Boldy,USA,2001-04-05,74,201,L,LW,12,30
8482679,Matt Coronato,Matt Coronato,USA,2002-11-14,70,183,R,RW,27,20
8475168,Matt Duchene,Matt Duchene,CAN,1991-01-16,71,211,L,CR,95,25
8476891,Matt Grzelcyk,Matt Grzelcyk,USA,1994-01-05,70,180,L,DF,48,16
8482641,Matt Kiersted,Matt Kiersted,USA,1998-04-14,72,182,L,DF,26,30
8479644,Matt Luff,Matt Luff,CAN,1997-05-05,75,219,R,RW,39,19
8474709,Matt Martin,Matt Martin,CAN,1989-05-08,75,215,L,LW,17,2
8476899,Matt Murray,Matt Murray,CAN,1994-05-25,77,220,L,GT,30,55
8476442,Matt Nieto,Matt Nieto,USA,1992-11-05,71,189,L,LW,83,5
8482460,Matt Rempe,Matt Rempe,CAN,2002-06-29,81,261,R,CR,73,3
8478911,Matt Roy,Matt Roy,USA,1995-03-01,74,220,R,DF,3,15
8483512,Matt Savoie,Matt Savoie,CAN,2004-01-01,70,179,R,CR,22,22
8481737,Matt Stienburg,Matt Stienburg,CAN,2000-10-07,73,182,R,CR,36,21
8480191,Matt Villalta,Matt Villalta,CAN,1999-06-03,75,190,L,GT,31,68
8476988,Matthew Benning,Matthew Benning,CAN,1994-05-25,73,220,R,DF,33,10
8478146,Matthew Highmore,Matthew Highmore,CAN,1996-02-27,71,192,L,CR,20,2
8482516,Matthew Kessel,Matthew Kessel,USA,2000-06-23,75,212,R,DF,51,19
8482720,Matthew Knies,Matthew Knies,USA,2002-10-17,75,232,L,LW,23,10
8483505,Matthew Poitras,Matthew Poitras,CAN,2004-03-10,72,189,R,CR,51,6
8481525,Matthew Robertson,Matthew Robertson,CAN,2001-03-09,76,210,L,DF,29,3
8485366,Matthew Schaefer,Matthew Schaefer,CAN,2007-09-05,74,186,L,DF,48,2
8479314,Matthew Tkachuk,Matthew Tkachuk,USA,1997-12-11,74,202,L,LW,19,13
8484241,Matthew Wood,Matthew Wood,CAN,2005-02-06,76,202,R,RW,71,18
8475218,Mattias Ekholm,Mattias Ekholm,SWE,1990-05-24,77,225,L,DF,14,22
8477406,Mattias Janmark,Mattias Janmark,SWE,1992-12-08,74,205,L,CR,13,22
8480807,Mattias Samuelsson,Mattias Samuelsson,USA,2000-03-14,76,229,L,DF,23,7
8482665,Matty Beniers,Matty Beniers,USA,2002-11-05,74,181,L,CR,10,55
8484860,Matvei Gridin,Matvei Gridin,RUS,2006-03-01,73,182,L,RW,92,20
8484387,Matvei Michkov,Matvei Michkov,RUS,2004-12-09,70,172,L,RW,39,4
8483472,Maveric Lamoureux,Maveric Lamoureux,CAN,2004-01-13,78,196,R,DF,10,68
8482145,Mavrik Bourque,Mavrik Bourque,CAN,2002-01-08,71,187,R,CR,22,25
8481719,Max Crozier,Max Crozier,CAN,2000-04-19,75,204,R,DF,24,14
8477503,Max Domi,Max Domi,CAN,1995-03-02,70,208,L,CR,11,10
8479368,Max Jones,Max Jones,USA,1998-02-17,75,216,L,LW,46,22
8474157,Max Pacioretty,Max Pacioretty,USA,1988-11-20,74,217,L,LW,67,10
8484136,Max Sasson,Max Sasson,USA,2000-09-05,73,181,L,CR,63,23
8485702,Max Shabanov,Max Shabanov,RUS,2000-10-07,69,167,L,RW,49,2
8484958,Maxim Tsyplakov,Maxim Tsyplakov,RUS,1998-09-19,75,203,L,RW,7,2
8478020,Michael Amadio,Michael Amadio,CAN,1996-05-13,73,206,R,CR,22,9
8484794,Michael Brandsegg-Nygård,Michael Brandsegg-Nygård,NOR,2005-10-05,73,204,R,RW,28,17
8478047,Michael Bunting,Michael Bunting,CAN,1995-09-17,72,186,L,LW,58,18
8480828,Michael Callahan,Michael Callahan,USA,1999-09-23,74,195,L,DF,79,6
8479619,Michael Carcone,Michael Carcone,CAN,1996-05-19,69,182,L,LW,53,68
8479591,Michael Eyssimont,Michael Eyssimont,USA,1996-09-09,72,195,L,CR,81,6
8480891,Michael Kesselring,Michael Kesselring,USA,2000-01-13,77,215,R,DF,8,7
8477446,Michael McCarron,Michael McCarron,USA,1995-03-07,78,232,R,RW,47,18
8482829,Michael Milne,Michael Milne,CAN,2002-09-21,71,185,L,LW,60,30
8485402,Michael Misa,Michael Misa,CAN,2007-02-16,73,185,L,CR,77,28
8479543,Michael Pezzetta,Michael Pezzetta,CAN,1998-03-13,73,222,L,CR,61,10
8479992,Michael Rasmussen,Michael Rasmussen,CAN,1999-04-17,78,222,L,CR,27,17
8475958,Michael Sgarbossa,Michael Sgarbossa,CAN,1992-07-25,72,179,L,CR,23,15
8476459,Mika Zibanejad,Mika Zibanejad,SWE,1993-04-18,74,208,R,CR,93,3
8474150,Mikael Backlund,Mikael Backlund,SWE,1989-03-17,72,206,L,CR,11,20
8475798,Mikael Granlund,Mikael Granlund,FIN,1992-02-26,70,193,L,CR,64,24
8482451,Mikael Pyyhtia,Mikael Pyyhtia,FIN,2001-12-17,72,178,L,LW,82,29
8482635,Mike Hardman,Mike Hardman,USA,1999-02-05,74,205,L,LW,39,1
8476875,Mike Matheson,Mike Matheson,CAN,1994-02-27,74,196,L,DF,8,8
8476422,Mike Reilly,Mike Reilly,USA,1993-07-13,74,191,L,DF,6,12
8479998,Mikey Anderson,Mikey Anderson,USA,1999-05-25,72,195,L,DF,44,26
8479410,Mikhail Sergachev,Mikhail Sergachev,RUS,1998-06-25,75,212,L,DF,98,68
8478420,Mikko Rantanen,Mikko Rantanen,FIN,1996-10-29,76,228,L,RW,96,25
8477425,Miles Wood,Miles Wood,USA,1995-09-13,74,209,L,LW,11,29
8480036,Miro Heiskanen,Miro Heiskanen,FIN,1999-07-18,74,197,L,DF,4,25
8478483,Mitch Marner,Mitch Marner,CAN,1997-05-05,72,180,R,CR,93,54
8482070,Mitchell Chaffee,Mitchell Chaffee,USA,1998-01-26,73,197,R,RW,41,14
8478477,Mitchell Stephens,Mitchell Stephens,CAN,1997-02-05,72,203,R,CR,67,55
8480289,Morgan Barron,Morgan Barron,CAN,1998-12-02,76,220,L,CR,36,52
8480028,Morgan Frost,Morgan Frost,CAN,1999-05-14,72,193,L,CR,16,20
8479987,Morgan Geekie,Morgan Geekie,CAN,1998-07-20,75,212,R,CR,39,6
8476853,Morgan Rielly,Morgan Rielly,CAN,1994-03-09,73,219,L,DF,44,10
8481542,Moritz Seider,Moritz Seider,DEU,2001-04-06,74,210,R,DF,53,17
8484160,Nate Danielson,Nate Danielson,CAN,2004-09-27,74,195,R,CR,29,17
8477220,Nate Schmidt,Nate Schmidt,USA,1991-07-16,72,197,L,DF,88,68
8479414,Nathan Bastian,Nathan Bastian,CAN,1997-12-06,76,217,R,RW,11,25
8479594,Nathan Clurman,Nathan Clurman,USA,1998-05-08,74,193,R,DF,44,8
8481594,Nathan Légaré,Nathan Légaré,CAN,2001-01-11,72,200,R,RW,37,1
8477492,Nathan MacKinnon,Nathan MacKinnon,CAN,1995-09-01,72,200,R,CR,29,21
8477573,Nathan Walker,Nathan Walker,AUS,1994-02-07,69,191,L,LW,26,19
8475172,Nazem Kadri,Nazem Kadri,CAN,1990-10-06,72,185,L,CR,91,20
8480145,Neal Pionk,Neal Pionk,USA,1995-07-29,72,190,R,DF,4,52
8475343,Nic Dowd,Nic Dowd,USA,1990-05-27,74,195,R,CR,26,15
8481582,Nicholas Robertson,Nicholas Robertson,USA,2001-09-11,69,180,L,LW,89,10
8475760,Nick Bjugstad,Nick Bjugstad,USA,1992-07-17,78,210,R,CR,77,19
8483565,Nick Blankenburg,Nick Blankenburg,USA,1998-05-12,69,177,R,DF,37,18
8476393,Nick Cousins,Nick Cousins,CAN,1993-07-20,71,191,L,CR,21,9
8480084,Nick DeSimone,Nick DeSimone,USA,1994-11-21,74,194,R,DF,57,68
8473422,Nick Foligno,Nick Foligno,USA,1987-10-31,72,210,L,LW,17,16
8475324,Nick Jensen,Nick Jensen,USA,1990-09-21,72,202,R,DF,3,9
8484185,Nick Lardis,Nick Lardis,CAN,2005-07-08,71,165,L,LW,76,16
8475181,Nick Leddy,Nick Leddy,USA,1991-03-20,72,205,L,DF,4,28
8477426,Nick Paul,Nick Paul,CAN,1995-03-20,76,234,L,LW,20,14
8480246,Nick Perbix,Nick Perbix,USA,1998-06-15,76,206,R,DF,48,18
8477951,Nick Schmaltz,Nick Schmaltz,USA,1996-02-23,72,184,R,CR,8,68
8476372,Nick Seeler,Nick Seeler,USA,1993-06-03,75,197,L,DF,24,4
8480018,Nick Suzuki,Nick Suzuki,CAN,1999-08-10,71,207,R,CR,14,8
8482076,Nico Daws,Nico Daws,CAN,2000-12-22,76,205,L,GT,50,1
8480002,Nico Hischier,Nico Hischier,CHE,1999-01-04,73,200,L,CR,13,1
8481477,Nico Sturm,Nico Sturm,DEU,1995-05-03,75,209,L,CR,78,30
8477979,Nicolas Aube-Kubel,Nicolas Aube-Kubel,CAN,1996-05-10,72,213,R,RW,16,30
8475235,Nicolas Deslauriers,Nicolas Deslauriers,CAN,1991-02-22,73,218,L,LW,44,4
8479980,Nicolas Hague,Nicolas Hague,CAN,1998-12-05,78,245,L,DF,41,18
8478462,Nicolas Roy,Nicolas Roy,CAN,1997-02-05,76,200,R,CR,55,10
8482787,Nikita Chibrikov,Nikita Chibrikov,RUS,2003-02-16,70,170,L,RW,90,52
8483733,Nikita Grebenkin,Nikita Grebenkin,RUS,2003-05-02,74,210,L,RW,29,4
8476453,Nikita Kucherov,Nikita Kucherov,RUS,1993-06-17,72,173,L,RW,86,14
8481754,Nikita Nesterenko,Nikita Nesterenko,USA,2001-09-10,74,203,L,CR,13,24
8485105,Nikita Prishchepov,Nikita Prishchepov,RUS,2004-02-20,73,194,L,CR,85,21
8484268,Nikita Tolopilo,Nikita Tolopilo,BLR,2000-04-06,78,229,L,GT,60,23
8477507,Nikita Zadorov,Nikita Zadorov,RUS,1995-04-16,79,255,L,DF,91,6
8483668,Nikke Kokko,Nikke Kokko,FIN,2004-03-14,75,184,L,GT,39,55
8478859,Niko Mikkola,Niko Mikkola,FIN,1996-04-27,78,204,L,DF,77,13
8481042,Nikolai Kovalenko,Nikolai Kovalenko,USA,1999-10-17,70,180,L,RW,15,28
8477940,Nikolaj Ehlers,Nikolaj Ehlers,DNK,1996-02-14,72,168,L,LW,27,12
8484321,Nikolas Matinpalo,Nikolas Matinpalo,FIN,1998-10-05,75,213,R,DF,33,9
8482496,Nils Aman,Nils Aman,SWE,2000-02-07,74,179,L,CR,88,23
8481535,Nils Hoglander,Nils Hoglander,SWE,2000-12-20,69,185,L,LW,21,23
8480878,Nils Lundkvist,Nils Lundkvist,SWE,2000-07-27,73,194,R,DF,5,25
8475799,Nino Niederreiter,Nino Niederreiter,CHE,1992-09-08,74,218,L,RW,62,52
8480220,Noah Cates,Noah Cates,USA,1999-02-05,74,194,L,LW,27,4
8480865,Noah Dobson,Noah Dobson,CAN,2000-01-07,76,200,R,DF,53,8
8479393,Noah Gregor,Noah Gregor,CAN,1998-07-28,72,201,L,CR,18,13
8478396,Noah Hanifin,Noah Hanifin,USA,1997-01-25,75,206,L,DF,15,54
8478454,Noah Juulsen,Noah Juulsen,CAN,1997-04-02,74,201,R,DF,47,4
8483690,Noah Laba,Noah Laba,USA,2003-08-04,75,214,R,CR,42,3
8483500,Noah Ostlund,Noah Ostlund,SWE,2004-03-11,71,180,L,CR,86,7
8481491,Noah Philp,Noah Philp,CAN,1998-08-31,75,198,R,CR,48,22
8478569,Noel Acciari,Noel Acciari,USA,1991-12-01,71,204,R,CR,55,5
8482700,Nolan Allan,Nolan Allan,CAN,2003-04-28,74,195,L,DF,42,16
8481518,Nolan Foote,Nolan Foote,USA,2000-11-29,75,196,L,LW,25,13
8482803,Olen Zellweger,Olen Zellweger,CAN,2003-09-10,70,193,L,DF,51,24
8477416,Oliver Bjorkstrand,Oliver Bjorkstrand,DNK,1995-04-10,72,175,R,RW,22,14
8475171,Oliver Ekman-Larsson,Oliver Ekman-Larsson,SWE,1991-07-17,74,190,L,DF,95,10
8482775,Oliver Kapanen,Oliver Kapanen,FIN,2003-07-29,74,194,R,CR,91,8
8478430,Oliver Kylington,Oliver Kylington,SWE,1997-05-19,72,183,L,DF,58,24
8484197,Oliver Moore,Oliver Moore,USA,2005-01-22,71,188,L,CR,11,16
8480789,Oliver Wahlstrom,Oliver Wahlstrom,USA,2000-06-13,74,205,R,RW,71,6
8480885,Olivier Rodrigue,Olivier Rodrigue,CAN,2000-07-06,73,158,L,GT,35,22
8480245,Olle Lycksell,Olle Lycksell,SWE,1999-08-24,71,197,L,RW,15,9
8476874,Olli Määttä,Olli Määttä,FIN,1994-08-22,74,207,L,DF,2,68
8476292,Ondrej Palat,Ondrej Palat,CZE,1991-03-28,72,194,L,LW,18,1
8484168,Oscar Fisker Molgaard,Oscar Fisker Molgaard,DNK,2005-02-18,72,168,L,CR,78,55
8480840,Oskar Bäck,Oskar Bäck,SWE,2000-03-12,76,207,L,CR,10,25
8482712,Oskar Olausson,Oskar Olausson,SWE,2002-11-10,73,180,L,RW,17,30
8476897,Oskar Sundqvist,Oskar Sundqvist,SWE,1994-03-23,75,210,R,CR,70,19
8484230,Otto Stenberg,Otto Stenberg,SWE,2005-05-29,71,188,L,CR,28,19
8483424,Owen Beck,Owen Beck,CAN,2004-02-03,72,199,R,CR,62,8
8483503,Owen Pickering,Owen Pickering,CAN,2004-01-27,77,206,L,DF,38,5
8482671,Owen Power,Owen Power,CAN,2002-11-22,78,226,L,DF,25,7
8483538,Owen Sillinger,Owen Sillinger,CAN,1997-09-23,70,182,L,CR,12,29
8480015,Owen Tippett,Owen Tippett,CAN,1999-02-16,73,210,R,RW,74,4
8482103,Ozzy Wiesblatt,Ozzy Wiesblatt,CAN,2002-03-09,70,183,R,RW,89,18
8484135,Parker Ford,Parker Ford,USA,2000-07-20,69,181,R,CR,25,52
8480448,Parker Kelly,Parker Kelly,CAN,1999-05-14,73,185,L,CR,17,21
8478450,Parker Wotherspoon,Parker Wotherspoon,CAN,1997-08-24,73,190,L,DF,28,5
8477887,Patrick Brown,Patrick Brown,USA,1992-05-29,73,217,R,CR,38,6
8480825,Patrick Giles,Patrick Giles,USA,2000-01-03,77,218,R,RW,54,28
8474141,Patrick Kane,Patrick Kane,USA,1988-11-19,70,176,L,RW,88,17
8474034,Patrick Maroon,Patrick Maroon,USA,1988-04-23,75,234,L,LW,77,16
8479339,Patrik Laine,Patrik Laine,FIN,1998-04-19,76,208,R,RW,92,8
8481032,Paul Cotter,Paul Cotter,USA,1999-11-16,74,213,L,CR,47,1
8477402,Pavel Buchnevich,Pavel Buchnevich,RUS,1995-04-17,73,196,L,LW,89,19
8481604,Pavel Dorofeyev,Pavel Dorofeyev,RUS,2000-10-26,73,194,L,LW,16,54
8483490,Pavel Mintyukov,Pavel Mintyukov,RUS,2003-11-25,73,207,L,DF,98,24
8478401,Pavel Zacha,Pavel Zacha,CZE,1997-04-06,76,211,L,CR,18,6
8483630,Pavol Regenda,Pavol Regenda,SVK,1999-12-07,75,215,L,LW,84,28
8475852,Petr Mrazek,Petr Mrazek,CZE,1992-02-14,74,192,L,GT,34,24
8481522,Peyton Krebs,Peyton Krebs,CAN,2001-01-26,72,188,L,CR,19,7
8477831,Pheonix Copley,Pheonix Copley,USA,1992-01-18,76,205,L,GT,39,26
8481598,Philip Broberg,Philip Broberg,SWE,2001-06-25,76,210,L,DF,6,19
8481577,Philip Tomasino,Philip Tomasino,CAN,2001-07-28,72,187,R,CR,53,5
8475831,Philipp Grubauer,Philipp Grubauer,DEU,1991-11-25,73,188,L,GT,31,55
8480798,Philipp Kurashev,Philipp Kurashev,CHE,1999-10-12,72,190,L,CR,96,28
8479026,Philippe Myers,Philippe Myers,CAN,1997-01-25,77,221,R,DF,51,10
8476479,Phillip Danault,Phillip Danault,CAN,1993-02-24,73,200,L,LW,24,8
8476858,Phillip Di Giuseppe,Phillip Di Giuseppe,CAN,1993-10-09,72,193,L,LW,89,52
8478115,Pierre Engvall,Pierre Engvall,SWE,1996-05-31,78,208,L,LW,18,2
8479400,Pierre-Luc Dubois,Pierre-Luc Dubois,CAN,1998-06-24,76,220,L,LW,80,15
8480058,Pierre-Olivier Joseph,Pierre-Olivier Joseph,CAN,1999-07-01,74,185,L,DF,7,23
8480459,Pius Suter,Pius Suter,CHE,1996-05-24,71,172,L,CR,22,19
8480995,Pontus Holmberg,Pontus Holmberg,SWE,1999-03-09,72,201,L,RW,29,14
8481611,Pyotr Kochetkov,Pyotr Kochetkov,RUS,1999-06-25,75,196,L,GT,52,12
8480800,Quinn Hughes,Quinn Hughes,USA,1999-10-14,70,180,L,DF,43,30
8485511,Quinn Hutson,Quinn Hutson,USA,2002-01-01,71,176,R,RW,23,22
8482124,Quinton Byfield,Quinton Byfield,CAN,2002-08-19,77,230,L,CR,55,26
8476889,Radek Faksa,Radek Faksa,CZE,1994-01-09,75,216,L,CR,12,25
8475462,Radko Gudas,Radko Gudas,CZE,1990-06-05,72,208,R,DF,7,24
8481093,Rafael Harvey-Pinard,Rafael Harvey-Pinard,CAN,1999-01-06,69,179,L,LW,49,5
8481534,Raphael Lavoie,Raphael Lavoie,CAN,2000-09-25,76,217,R,CR,36,54
8478397,Rasmus Andersson,Rasmus Andersson,SWE,1996-10-27,73,202,R,DF,4,20
8479335,Rasmus Asplund,Rasmus Asplund,SWE,1997-12-03,71,190,L,CR,74,13
8480839,Rasmus Dahlin,Rasmus Dahlin,SWE,2000-04-13,75,204,L,DF,26,7
8480845,Rasmus Kupari,Rasmus Kupari,FIN,2000-03-15,74,201,R,CR,15,52
8477499,Rasmus Ristolainen,Rasmus Ristolainen,FIN,1994-10-27,76,208,R,DF,55,4
8480873,Rasmus Sandin,Rasmus Sandin,SWE,2000-03-07,71,189,L,DF,38,15
8481147,Reese Johnson,Reese Johnson,CAN,1998-07-10,73,193,R,CR,71,10
8483513,Reid Schaefer,Reid Schaefer,CAN,2003-09-21,77,226,L,LW,49,18
8475191,Reilly Smith,Reilly Smith,CAN,1991-04-01,73,185,L,RW,19,54
8476483,Rickard Rakell,Rickard Rakell,SWE,1993-05-05,73,194,R,RW,67,5
8482092,Ridly Greig,Ridly Greig,CAN,2002-08-08,72,184,L,CR,71,9
8482213,Riley Duran,Riley Duran,USA,2002-01-25,74,198,R,CR,62,6
8479388,Riley Stillman,Riley Stillman,CAN,1998-03-09,74,207,L,DF,61,22
8479362,Riley Tufte,Riley Tufte,USA,1998-04-10,78,233,L,LW,10,6
8477952,Robby Fabbri,Robby Fabbri,CAN,1996-01-22,71,185,L,CR,9,19
8474145,Robert Bortuzzo,Robert Bortuzzo,CAN,1989-03-18,76,206,R,DF,41,68
8477462,Robert Hagg,Robert Hagg,SWE,1995-02-08,74,210,L,DF,18,54
8480023,Robert Thomas,Robert Thomas,CAN,1999-07-02,72,207,R,CR,18,19
8479022,Rodrigo Abols,Rodrigo Abols,LVA,1996-01-05,76,206,L,CR,18,4
8474600,Roman Josi,Roman Josi,CHE,1990-06-01,73,201,L,DF,59,18
8478449,Roope Hintz,Roope Hintz,FIN,1996-11-17,75,217,L,LW,24,25
8482209,Rory Kerins,Rory Kerins,CAN,2002-04-12,70,175,L,CR,6,20
8479525,Ross Colton,Ross Colton,USA,1996-09-11,72,194,L,CR,20,21
8477527,Ross Johnston,Ross Johnston,CAN,1994-02-18,77,232,L,LW,44,24
8483487,Rutger McGroarty,Rutger McGroarty,USA,2004-03-30,73,212,L,RW,2,5
8477987,Ryan Donato,Ryan Donato,USA,1996-04-09,72,190,L,CR,8,16
8477435,Ryan Graves,Ryan Graves,CAN,1995-05-21,77,225,L,DF,27,5
8483450,Ryan Greene,Ryan Greene,CAN,2003-10-21,73,174,R,CR,20,16
8477451,Ryan Hartman,Ryan Hartman,USA,1994-09-20,72,197,R,RW,38,30
8481564,Ryan Johnson,Ryan Johnson,USA,2001-07-24,73,195,L,DF,33,7
8484186,Ryan Leonard,Ryan Leonard,USA,2005-01-21,73,205,R,RW,9,15
8479324,Ryan Lindgren,Ryan Lindgren,USA,1998-02-11,72,194,L,DF,55,55
8479066,Ryan Lomberg,Ryan Lomberg,CAN,1994-12-09,69,184,L,LW,70,20
8474151,Ryan McDonagh,Ryan McDonagh,USA,1989-06-13,73,216,L,DF,27,14
8480802,Ryan McLeod,Ryan McLeod,CAN,1999-09-21,75,204,L,CR,71,7
8476454,Ryan Nugent-Hopkins,Ryan Nugent-Hopkins,CAN,1993-04-12,73,192,L,CR,93,22
8475158,Ryan O'Reilly,Ryan O'Reilly,CAN,1991-02-07,73,207,L,CR,90,18
8480068,Ryan Poehling,Ryan Poehling,USA,1999-01-03,74,206,L,CR,25,24
8477506,Ryan Pulock,Ryan Pulock,CAN,1994-10-06,73,219,R,DF,6,2
8471817,Ryan Reaves,Ryan Reaves,CAN,1987-01-20,74,225,R,RW,75,28
8478854,Ryan Shea,Ryan Shea,USA,1997-02-11,73,200,L,DF,5,5
8476458,Ryan Strome,Ryan Strome,CAN,1993-07-11,73,192,R,CR,16,24
8470600,Ryan Suter,Ryan Suter,USA,1985-01-21,73,201,L,DF,22,19
8481576,Ryan Suzuki,Ryan Suzuki,CAN,2001-05-28,73,185,L,CR,16,12
8482715,Ryan Ufko,Ryan Ufko,USA,2003-05-07,72,174,R,DF,85,18
8482751,Ryan Winterton,Ryan Winterton,CAN,2003-09-04,74,175,R,CR,26,55
8482858,Ryker Evans,Ryker Evans,CAN,2001-12-13,72,195,L,DF,41,55
8477935,Sam Bennett,Sam Bennett,CAN,1996-06-20,73,193,L,CR,9,13
8475842,Sam Carrick,Sam Carrick,CAN,1992-02-04,72,202,R,CR,39,3
8482118,Sam Colangelo,Sam Colangelo,USA,2001-12-26,74,213,R,RW,12,24
8484806,Sam Dickinson,Sam Dickinson,CAN,2006-06-07,75,200,L,DF,6,28
8478043,Sam Lafferty,Sam Lafferty,USA,1995-03-06,74,205,R,CR,81,16
8484258,Sam Malinski,Sam Malinski,USA,1998-07-27,71,190,R,DF,70,21
8484821,Sam Morton,Sam Morton,USA,1999-07-28,72,185,L,CR,45,20
8477933,Sam Reinhart,Sam Reinhart,CAN,1995-11-06,73,196,R,CR,13,13
8483506,Sam Rinzel,Sam Rinzel,USA,2004-06-25,76,194,R,DF,6,16
8479351,Sam Steel,Sam Steel,CAN,1998-02-03,72,185,L,CR,18,25
8478104,Samuel Blais,Samuel Blais,CAN,1996-06-17,74,206,L,LW,27,8
8481541,Samuel Bolduc,Samuel Bolduc,CAN,2000-12-09,76,224,L,DF,58,26
8481035,Samuel Ersson,Samuel Ersson,SWE,1999-10-20,75,194,L,GT,33,4
8479398,Samuel Girard,Samuel Girard,CAN,1998-05-12,70,170,L,DF,49,21
8482726,Samuel Helenius,Samuel Helenius,FIN,2002-11-26,78,225,L,CR,79,26
8484180,Samuel Honzek,Samuel Honzek,SVK,2004-11-12,76,186,L,LW,29,20
8478470,Samuel Montembeault,Samuel Montembeault,CAN,1996-10-30,75,218,L,GT,35,8
8481591,Samuel Poulin,Samuel Poulin,CAN,2001-02-25,74,217,L,RW,8,22
8476872,Scott Laughton,Scott Laughton,CAN,1994-05-30,73,190,L,LW,24,10
8476429,Scott Mayfield,Scott Mayfield,USA,1992-10-14,76,215,R,DF,24,2
8482666,Scott Morrow,Scott Morrow,USA,2002-11-01,74,210,R,DF,60,3
8481059,Scott Perunovich,Scott Perunovich,USA,1998-08-18,70,175,L,DF,48,68
8477149,Scott Sabourin,Scott Sabourin,CAN,1992-07-30,75,205,R,RW,46,14
8475809,Scott Wedgewood,Scott Wedgewood,CAN,1992-08-14,74,201,L,GT,41,21
8483429,Seamus Casey,Seamus Casey,USA,2004-01-08,70,181,R,DF,24,1
8476461,Sean Couturier,Sean Couturier,CAN,1992-12-07,76,210,L,CR,14,4
8480434,Sean Durzi,Sean Durzi,CAN,1998-10-21,73,196,R,DF,50,68
8476374,Sean Kuraly,Sean Kuraly,USA,1993-01-20,74,208,L,CR,52,6
8477497,Sean Monahan,Sean Monahan,CAN,1994-10-12,74,206,L,CR,23,29
8480336,Sean Walker,Sean Walker,CAN,1994-11-13,71,191,R,DF,26,12
8478427,Sebastian Aho,Sebastian Aho,FIN,1997-07-26,72,189,L,RW,20,12
8482657,Sebastian Cossa,Sebastian Cossa,CAN,2002-11-21,78,221,L,GT,33,17
8473575,Semyon Varlamov,Semyon Varlamov,RUS,1988-04-27,74,201,L,GT,40,2
8475683,Sergei Bobrovsky,Sergei Bobrovsky,RUS,1988-09-20,74,180,L,GT,72,13
8483703,Sergei Murashov,Sergei Murashov,RUS,2004-04-01,74,185,R,GT,1,5
8482093,Seth Jarvis,Seth Jarvis,CAN,2002-02-01,70,180,R,CR,24,12
8477495,Seth Jones,Seth Jones,USA,1994-10-03,76,213,R,DF,3,13
8482166,Shakir Mukhamadullin,Shakir Mukhamadullin,RUS,2002-01-10,76,200,L,DF,85,28
8480032,Shane Bowers,Shane Bowers,CAN,1999-07-30,74,186,L,CR,15,28
8482941,Shane Lachance,Shane Lachance,USA,2003-08-30,76,195,L,LW,20,1
8481596,Shane Pinto,Shane Pinto,USA,2000-11-12,75,206,R,CR,12,9
8483524,Shane Wright,Shane Wright,CAN,2004-01-05,72,192,R,CR,51,55
8476906,Shayne Gostisbehere,Shayne Gostisbehere,USA,1993-04-20,71,183,L,DF,4,12
8477447,Shea Theodore,Shea Theodore,CAN,1995-08-03,74,197,L,DF,27,54
8471675,Sidney Crosby,Sidney Crosby,CAN,1987-08-07,71,200,L,CR,87,5
8481122,Simon Benoit,Simon Benoit,CAN,1998-09-19,76,210,L,DF,2,10
8482762,Simon Edvinsson,Simon Edvinsson,SWE,2003-02-05,78,222,L,DF,77,17
8481601,Simon Holmstrom,Simon Holmstrom,SWE,2001-05-24,73,208,L,RW,10,2
8483495,Simon Nemec,Simon Nemec,SVK,2004-02-15,73,190,R,DF,17,1
8480291,Skyler Brind'Amour,Skyler Brind'Amour,USA,1999-07-27,74,195,L,CR,76,12
8477947,Sonny Milano,Sonny Milano,USA,1996-05-12,72,205,L,LW,15,15
8481519,Spencer Knight,Spencer Knight,USA,2001-04-19,75,191,L,GT,30,16
8477484,Spencer Martin,Spencer Martin,CAN,1995-06-08,75,191,L,GT,41,3
8481056,Spencer Stastney,Spencer Stastney,USA,2000-01-04,72,184,L,DF,24,22
8476474,Stefan Noesen,Stefan Noesen,USA,1993-02-12,73,205,R,RW,11,1
8483676,Stephen Halliday,Stephen Halliday,CAN,2002-07-02,76,214,L,CR,83,9
8478904,Steven Lorentz,Steven Lorentz,CAN,1996-04-13,76,219,L,CR,18,10
8477463,Steven Santini,Steven Santini,USA,1995-03-07,75,217,R,DF,16,14
8474564,Steven Stamkos,Steven Stamkos,CAN,1990-02-07,73,193,R,CR,91,18
8479973,Stuart Skinner,Stuart Skinner,CAN,1998-11-01,76,215,L,GT,74,5
8476391,T.J. Tynan,T.J. Tynan,USA,1992-02-25,68,160,R,CR,9,21
8474673,TJ Brodie,TJ Brodie,CAN,1990-06-07,74,187,L,DF,78,16
8479420,Tage Thompson,Tage Thompson,USA,1997-10-30,78,220,R,CR,72,7
8479661,Tanner Jeannot,Tanner Jeannot,CAN,1997-05-29,74,221,L,LW,84,6
8479550,Tanner Laczynski,Tanner Laczynski,USA,1997-06-01,73,211,R,CR,28,54
8476871,Tanner Pearson,Tanner Pearson,CAN,1992-08-10,73,207,L,LW,70,52
8475791,Taylor Hall,Taylor Hall,CAN,1991-11-14,73,210,L,LW,71,12
8482953,Taylor Makar,Taylor Makar,CAN,2001-03-13,75,190,L,LW,16,21
8479390,Taylor Raddysh,Taylor Raddysh,CAN,1998-02-18,74,201,R,RW,14,3
8483406,Taylor Ward,Taylor Ward,CAN,1998-03-31,74,207,R,RW,52,26
8476927,Teddy Blueger,Teddy Blueger,LVA,1994-08-15,72,185,L,CR,53,23
8476882,Teuvo Teravainen,Teuvo Teravainen,FIN,1994-09-11,71,191,L,LW,86,16
8477967,Thatcher Demko,Thatcher Demko,USA,1995-12-08,76,192,L,GT,35,23
8482133,Thomas Bordeleau,Thomas Bordeleau,USA,2002-01-03,70,180,L,CR,74,1
8478469,Thomas Chabot,Thomas Chabot,CAN,1997-01-30,73,200,L,DF,72,9
8481581,Thomas Harley,Thomas Harley,CAN,2001-08-19,75,214,L,DF,55,25
8483114,Thomas Milic,Thomas Milic,CAN,2003-04-14,72,175,L,GT,32,52
8478438,Thomas Novak,Thomas Novak,USA,1997-04-28,73,190,L,CR,18,5
8482116,Tim Stützle,Tim Stützle,DEU,2002-01-15,72,187,L,LW,18,9
8485512,Tim Washe,Tim Washe,USA,2001-08-25,75,212,L,CR,42,24
8478414,Timo Meier,Timo Meier,CHE,1996-10-08,73,220,L,RW,28,1
8480043,Timothy Liljegren,Timothy Liljegren,SWE,1999-04-30,73,200,R,DF,37,28
8481600,Tobias Bjornfot,Tobias Bjornfot,SWE,2001-04-06,72,200,L,DF,22,13
8484240,Tom Willander,Tom Willander,SWE,2005-02-09,73,180,R,DF,5,23
8476880,Tom Wilson,Tom Wilson,CAN,1994-03-29,76,225,R,RW,43,15
8476881,Tomas Hertl,Tomas Hertl,CZE,1993-11-12,75,220,L,CR,48,54
8477931,Tomas Nosek,Tomas Nosek,CZE,1992-09-01,75,199,L,LW,92,13
8475193,Tomas Tatar,Tomas Tatar,SVK,1990-12-01,70,173,L,LW,90,1
8477950,Tony DeAngelo,Tony DeAngelo,USA,1995-10-24,72,190,R,DF,77,2
8476329,Travis Boyd,Travis Boyd,USA,1993-09-14,72,190,R,CR,72,10
8478408,Travis Dermott,Travis Dermott,CAN,1996-12-22,72,200,L,DF,44,22
8474612,Travis Hamonic,Travis Hamonic,CAN,1990-08-16,73,193,R,DF,52,17
8478439,Travis Konecny,Travis Konecny,CAN,1997-03-11,70,192,R,CR,11,4
8484262,Travis Mitchell,Travis Mitchell,USA,1999-11-25,76,203,L,DF,38,2
8477948,Travis Sanheim,Travis Sanheim,CAN,1996-03-29,76,222,L,DF,6,4
8479365,Trent Frederic,Trent Frederic,USA,1998-02-11,75,221,L,CR,10,22
8481529,Trent Miner,Trent Miner,CAN,2001-02-05,73,185,L,GT,50,21
8482479,Trevor Kuntar,Trevor Kuntar,USA,2001-06-20,72,205,L,CR,52,7
8473453,Trevor Lewis,Trevor Lewis,USA,1987-01-08,73,205,R,CR,61,26
8479675,Trevor Moore,Trevor Moore,USA,1995-03-31,71,195,L,CR,12,26
8481533,Trevor Zegras,Trevor Zegras,USA,2001-03-20,72,185,L,CR,46,4
8477845,Trevor van Riemsdyk,Trevor van Riemsdyk,USA,1991-07-24,75,210,R,DF,57,15
8482698,Tristan Broz,Tristan Broz,USA,2002-10-10,72,204,L,CR,26,5
8477465,Tristan Jarry,Tristan Jarry,CAN,1995-04-29,76,201,L,GT,35,22
8482668,Tristan Lennox,Tristan Lennox,CAN,2002-10-21,75,204,L,GT,35,2
8483482,Tristan Luneau,Tristan Luneau,CAN,2004-01-12,73,211,R,DF,67,24
8483039,Tristen Nielsen,Tristen Nielsen,CAN,2000-02-23,70,192,L,CR,57,21
8479442,Troy Stecher,Troy Stecher,CAN,1994-04-07,70,184,R,DF,28,10
8478873,Troy Terry,Troy Terry,USA,1997-09-10,72,193,R,CR,19,24
8480848,Ty Dellandrea,Ty Dellandrea,CAN,2000-07-21,74,185,R,CR,10,28
8480834,Ty Emberson,Ty Emberson,USA,2000-05-23,72,193,R,DF,49,22
8484406,Ty Mueller,Ty Mueller,CAN,2003-02-26,71,185,L,CR,39,23
8482804,Ty Murchison,Ty Murchison,USA,2003-02-02,74,212,L,DF,96,4
8480883,Ty Smith,Ty Smith,CAN,2000-03-24,71,180,L,DF,42,12
8479746,Tye Felhaber,Tye Felhaber,CAN,1998-08-05,71,185,L,LW,48,21
8481789,Tye Kartye,Tye Kartye,CAN,2001-04-30,71,202,L,LW,12,55
8477479,Tyler Bertuzzi,Tyler Bertuzzi,CAN,1995-02-24,74,200,L,LW,59,16
8474870,Tyler Johnson,Tyler Johnson,USA,1990-07-29,68,191,R,CR,90,6
8482095,Tyler Kleven,Tyler Kleven,USA,2002-01-10,77,225,L,DF,43,9
8477353,Tyler Motte,Tyler Motte,USA,1995-03-10,70,194,L,CR,14,17
8474574,Tyler Myers,Tyler Myers,CAN,1990-02-01,80,229,R,DF,57,23
8475752,Tyler Pitlick,Tyler Pitlick,USA,1991-11-01,74,199,R,CR,19,30
8475794,Tyler Seguin,Tyler Seguin,CAN,1992-01-31,74,205,R,CR,91,25
8475726,Tyler Toffoli,Tyler Toffoli,CAN,1992-04-24,72,205,R,CR,73,28
8481006,Tyler Tucker,Tyler Tucker,CAN,2000-03-01,73,204,L,DF,75,19
8475197,Tyson Barrie,Tyson Barrie,CAN,1991-07-26,71,197,R,DF,8,20
8482159,Tyson Foerster,Tyson Foerster,CAN,2002-01-18,74,215,R,RW,71,4
8479370,Tyson Jost,Tyson Jost,CAN,1998-03-14,71,187,L,CR,17,18
8482896,Tyson Kozak,Tyson Kozak,CAN,2002-12-29,71,185,L,CR,48,7
8480045,Ukko-Pekka Luukkonen,Ukko-Pekka Luukkonen,FIN,1999-03-09,77,223,L,GT,1,7
8480001,Urho Vaakanainen,Urho Vaakanainen,FIN,1999-01-01,74,202,L,DF,18,3
8484304,Uvis Balinskis,Uvis Balinskis,LVA,1996-08-01,72,196,L,DF,26,13
8477501,Valeri Nichushkin,Valeri Nichushkin,RUS,1995-03-04,76,210,L,RW,13,21
8481703,Valtteri Puustinen,Valtteri Puustinen,FIN,1999-06-04,71,180,R,RW,48,5
8481617,Vasily Podkolzin,Vasily Podkolzin,RUS,2001-06-24,73,190,L,RW,92,22
8482102,Vasily Ponomarev,Vasily Ponomarev,RUS,2002-03-13,70,180,L,CR,11,5
8475167,Victor Hedman,Victor Hedman,SWE,1990-12-18,79,244,L,DF,77,14
8483768,Victor Mancini,Victor Mancini,USA,2002-05-26,75,229,R,DF,90,23
8478109,Victor Olofsson,Victor Olofsson,SWE,1995-07-18,71,180,L,RW,95,21
8484910,Victor Ostman,Victor Ostman,SWE,2000-10-03,76,205,L,GT,1,55
8481599,Victor Soderstrom,Victor Soderstrom,SWE,2001-02-26,72,189,R,DF,29,6
8478042,Viktor Arvidsson,Viktor Arvidsson,SWE,1993-04-08,70,181,R,LW,71,6
8481572,Ville Heinola,Ville Heinola,FIN,2001-03-02,72,181,L,DF,34,52
8478024,Ville Husso,Ville Husso,FIN,1995-02-06,75,205,L,GT,33,24
8482758,Ville Koivunen,Ville Koivunen,FIN,2003-06-13,72,184,L,RW,41,5
8482866,Ville Ottavainen,Ville Ottavainen,FIN,2002-08-12,77,210,R,DF,46,55
8478407,Vince Dunn,Vince Dunn,CAN,1996-10-29,72,200,L,DF,29,55
8479576,Vincent Desharnais,Vincent Desharnais,CAN,1996-05-29,79,225,R,DF,5,28
8476994,Vincent Hinostroza,Vincent Hinostroza,USA,1994-04-03,70,183,R,CR,18,30
8482861,Vincent Iorio,Vincent Iorio,CAN,2002-11-14,76,220,R,DF,22,28
8476389,Vincent Trocheck,Vincent Trocheck,USA,1993-07-11,71,187,R,CR,16,3
8479968,Vinni Lettieri,Vinni Lettieri,USA,1995-02-06,70,184,R,CR,95,10
8477970,Vitek Vanecek,Vitek Vanecek,CZE,1996-01-09,74,184,L,GT,41,68
8475765,Vladimir Tarasenko,Vladimir Tarasenko,RUS,1991-12-13,73,219,L,RW,91,30
8478882,Vladislav Gavrikov,Vladislav Gavrikov,RUS,1995-11-21,75,210,L,DF,44,3
8481609,Vladislav Kolyachonok,Vladislav Kolyachonok,BLR,2001-05-26,74,198,L,DF,74,6
8476480,Vladislav Namestnikov,Vladislav Namestnikov,RUS,1992-11-22,72,181,L,CR,7,52
8483746,Vyacheslav Buteyets,Vyacheslav Buteyets,RUS,2002-05-29,76,220,L,GT,32,24
8482652,Walker Duehr,Walker Duehr,USA,1997-11-23,74,210,R,RW,71,52
8477998,Warren Foegele,Warren Foegele,CAN,1996-04-01,74,205,L,LW,37,26
8478840,Will Borgen,Will Borgen,USA,1996-12-19,75,199,R,DF,17,3
8482157,Will Cuylle,Will Cuylle,CAN,2002-02-05,75,212,L,LW,50,3
8484227,Will Smith,Will Smith,USA,2005-03-17,72,180,R,CR,2,28
8477478,William Carrier,William Carrier,CAN,1994-12-20,74,214,L,LW,28,12
8482667,William Eklund,William Eklund,SWE,2002-10-12,70,185,L,LW,72,28
8476448,William Karlsson,William Karlsson,SWE,1993-01-08,72,190,L,CR,71,54
8478021,William Lagesson,William Lagesson,SWE,1996-02-22,74,211,L,DF,84,17
8477939,William Nylander,William Nylander,SWE,1996-05-01,72,200,R,CR,88,10
8483569,Wyatt Aamodt,Wyatt Aamodt,USA,1997-11-22,72,201,L,DF,5,21
8482740,Wyatt Johnston,Wyatt Johnston,CAN,2003-05-14,73,187,R,CR,53,25
8482176,Wyatt Kaiser,Wyatt Kaiser,USA,2002-07-31,72,190,L,DF,44,16
8483841,Xavier Parent,Xavier Parent,CAN,2001-03-23,68,170,L,CR,67,1
8478508,Yakov Trenin,Yakov Trenin,RUS,1997-01-13,74,201,L,CR,13,30
8482165,Yan Kuznetsov,Yan Kuznetsov,RUS,2002-03-09,76,209,L,DF,37,20
8484293,Yaniv Perets,Yaniv Perets,CAN,2000-03-04,73,181,L,GT,60,12
8476826,Yanni Gourde,Yanni Gourde,CAN,1991-12-15,69,173,L,CR,37,14
8482137,Yaroslav Askarov,Yaroslav Askarov,RUS,2002-06-16,75,180,R,GT,30,28
8482475,Yegor Chinakhov,Yegor Chinakhov,RUS,2001-02-01,73,203,L,RW,59,29
8481068,Yegor Sharangovich,Yegor Sharangovich,BLR,1998-06-06,74,196,L,CR,17,20
8479944,Zach Aston-Reese,Zach Aston-Reese,USA,1994-08-10,73,203,L,CR,27,29
8484145,Zach Benson,Zach Benson,CAN,2005-05-12,70,177,L,LW,6,7
8474567,Zach Bogosian,Zach Bogosian,USA,1990-07-15,75,231,R,DF,24,30
8475786,Zach Hyman,Zach Hyman,CAN,1992-06-09,73,206,R,CR,18,22
8484305,Zach Metsa,Zach Metsa,USA,1998-10-19,69,198,R,DF,73,7
8478460,Zach Werenski,Zach Werenski,USA,1997-07-19,74,214,L,DF,8,29
8480727,Zach Whitecloud,Zach Whitecloud,CAN,1996-11-28,74,210,R,DF,2,54
8482737,Zachary Bolduc,Zachary Bolduc,CAN,2003-02-24,72,187,L,CR,76,8
8481708,Zachary Jones,Zachary Jones,USA,2000-10-18,71,190,L,DF,28,7
8482742,Zachary L'Heureux,Zachary L'Heureux,CAN,2003-05-15,71,197,L,LW,68,18
8479772,Zack MacEwen,Zack MacEwen,CAN,1996-07-08,76,226,R,CR,15,1
8482859,Zack Ostapchuk,Zack Ostapchuk,CAN,2003-05-29,76,212,L,CR,63,28
8482947,Zakhar Bardakov,Zakhar Bardakov,RUS,2001-02-24,74,198,L,CR,93,21
8484768,Zayne Parekh,Zayne Parekh,CAN,2006-02-15,72,179,R,DF,19,20
8484798,Zeev Buium,Zeev Buium,USA,2005-12-07,72,183,L,DF,24,23
8476878,Zemgus Girgensons,Zemgus Girgensons,LVA,1994-01-05,75,197,L,CR,28,14
